empID,courseID,completion_rate
EMP283,COURSE050,57.07
EMP179,COURSE047,74.85
EMP448,COURSE029,57.76
EMP244,COURSE013,9.1
EMP098,COURSE030,5.68
EMP255,COURSE011,66.62
EMP492,COURSE046,36.69
EMP007,COURSE009,95.43
EMP087,COURSE044,50.22
EMP365,COURSE031,91.52
EMP152,COURSE021,80.22
EMP157,COURSE026,55.08
EMP235,COURSE005,30.92
EMP390,COURSE004,93.87
EMP057,COURSE009,3.6
EMP322,COURSE016,41.42
EMP497,COURSE028,44.73
EMP284,COURSE022,24.9
EMP370,COURSE005,85.55
EMP306,COURSE003,14.95
EMP420,COURSE041,22.3
EMP494,COURSE004,58.81
EMP149,COURSE049,16.49
EMP080,COURSE011,22.24
EMP291,COURSE018,97.54
EMP202,COURSE008,38.91
EMP239,COURSE048,25.62
EMP175,COURSE030,59.26
EMP317,COURSE027,69.75
EMP078,COURSE012,75.28
EMP372,COURSE002,14.31
EMP477,COURSE033,51.33
EMP176,COURSE022,85.32
EMP134,COURSE014,87.01
EMP085,COURSE048,45.23
EMP456,COURSE037,73.89
EMP499,COURSE014,96.95
EMP369,COURSE011,32.65
EMP245,COURSE038,24.76
EMP182,COURSE033,7.43
EMP492,COURSE033,97.7
EMP182,COURSE024,8.71
EMP393,COURSE038,92.84
EMP295,COURSE018,0.92
EMP166,COURSE033,52.3
EMP269,COURSE021,80.28
EMP183,COURSE017,56.56
EMP030,COURSE008,67.97
EMP411,COURSE048,62.36
EMP284,COURSE045,31.52
EMP339,COURSE028,61.24
EMP137,COURSE049,35.58
EMP469,COURSE027,80.54
EMP465,COURSE041,4.24
EMP075,COURSE007,53.38
EMP218,COURSE006,44.68
EMP427,COURSE043,22.46
EMP158,COURSE049,94.9
EMP256,COURSE033,50.75
EMP469,COURSE030,48.22
EMP173,COURSE028,27.13
EMP372,COURSE026,19.7
EMP295,COURSE034,45.35
EMP018,COURSE039,69.74
EMP226,COURSE047,43.73
EMP170,COURSE045,49.98
EMP451,COURSE033,40.21
EMP222,COURSE016,62.64
EMP432,COURSE008,44.44
EMP109,COURSE034,74.55
EMP100,COURSE020,96.19
EMP113,COURSE004,36.15
EMP083,COURSE050,73.01
EMP228,COURSE040,69.95
EMP121,COURSE047,66.43
EMP463,COURSE038,74.52
EMP115,COURSE029,3.17
EMP099,COURSE004,18.39
EMP423,COURSE002,28.51
EMP339,COURSE009,60.7
EMP004,COURSE019,82.32
EMP393,COURSE006,89.9
EMP187,COURSE013,99.08
EMP096,COURSE044,60.47
EMP330,COURSE012,50.48
EMP288,COURSE001,32.84
EMP428,COURSE003,30.62
EMP001,COURSE032,66.85
EMP251,COURSE002,71.48
EMP059,COURSE011,45.04
EMP083,COURSE030,15.26
EMP146,COURSE020,80.79
EMP405,COURSE018,83.96
EMP458,COURSE019,34.17
EMP033,COURSE025,85.63
EMP314,COURSE022,79.63
EMP449,COURSE007,15.42
EMP217,COURSE024,11.34
EMP178,COURSE049,62.87
EMP147,COURSE012,67.25
EMP199,COURSE050,11.81
EMP391,COURSE004,52.82
EMP067,COURSE022,31.64
EMP186,COURSE030,22.82
EMP313,COURSE010,30.39
EMP013,COURSE045,96.12
EMP484,COURSE032,11.73
EMP472,COURSE036,51.45
EMP468,COURSE010,83.13
EMP138,COURSE044,15.45
EMP126,COURSE048,74.95
EMP254,COURSE009,66.85
EMP229,COURSE018,56.75
EMP075,COURSE024,80.47
EMP266,COURSE045,48.88
EMP479,COURSE046,15.85
EMP215,COURSE002,84.51
EMP262,COURSE045,87.13
EMP470,COURSE003,43.86
EMP301,COURSE021,27.3
EMP066,COURSE023,71.2
EMP199,COURSE030,72.54
EMP105,COURSE013,43.91
EMP084,COURSE017,95.1
EMP448,COURSE031,13.38
EMP322,COURSE038,86.28
EMP355,COURSE032,32.33
EMP239,COURSE024,37.86
EMP389,COURSE004,43.63
EMP232,COURSE017,47.93
EMP057,COURSE042,42.57
EMP320,COURSE033,12.81
EMP288,COURSE041,17.02
EMP200,COURSE047,88.85
EMP172,COURSE004,17.64
EMP497,COURSE016,8.62
EMP060,COURSE006,91.45
EMP343,COURSE017,27.98
EMP161,COURSE038,9.22
EMP330,COURSE034,89.85
EMP485,COURSE004,12.51
EMP097,COURSE007,48.07
EMP046,COURSE006,25.96
EMP139,COURSE027,32.74
EMP218,COURSE043,87.76
EMP077,COURSE042,50.44
EMP171,COURSE024,85.66
EMP287,COURSE029,16.25
EMP457,COURSE036,33.19
EMP352,COURSE038,50.77
EMP089,COURSE032,37.1
EMP247,COURSE003,56.61
EMP174,COURSE027,76.87
EMP181,COURSE031,42.66
EMP226,COURSE014,35.75
EMP399,COURSE002,89.54
EMP270,COURSE018,93.38
EMP172,COURSE001,96.43
EMP216,COURSE045,57.97
EMP285,COURSE043,93.53
EMP219,COURSE002,16.73
EMP114,COURSE044,33.51
EMP346,COURSE027,64.3
EMP089,COURSE037,29.45
EMP009,COURSE040,8.11
EMP454,COURSE029,41.87
EMP308,COURSE002,71.1
EMP324,COURSE042,79.95
EMP476,COURSE002,63.47
EMP411,COURSE045,6.72
EMP186,COURSE001,48.48
EMP215,COURSE005,93.09
EMP290,COURSE042,81.99
EMP487,COURSE022,70.93
EMP084,COURSE001,40.16
EMP252,COURSE017,54.62
EMP012,COURSE007,16.45
EMP134,COURSE027,12.59
EMP421,COURSE029,87.68
EMP049,COURSE001,9.02
EMP431,COURSE048,94.93
EMP394,COURSE041,19.48
EMP082,COURSE017,44.97
EMP294,COURSE016,93.36
EMP007,COURSE036,24.03
EMP147,COURSE048,2.36
EMP379,COURSE001,59.97
EMP194,COURSE003,55.81
EMP446,COURSE041,52.73
EMP494,COURSE028,65.27
EMP186,COURSE010,36.73
EMP117,COURSE015,36.43
EMP387,COURSE008,96.92
EMP066,COURSE019,6.26
EMP468,COURSE018,79.89
EMP018,COURSE033,70.19
EMP095,COURSE001,5.03
EMP246,COURSE042,61.83
EMP367,COURSE012,72.28
EMP312,COURSE043,13.78
EMP164,COURSE044,57.22
EMP102,COURSE045,76.37
EMP057,COURSE003,37.14
EMP192,COURSE032,98.65
EMP028,COURSE012,3.18
EMP422,COURSE043,34.69
EMP287,COURSE021,99.97
EMP107,COURSE029,58.4
EMP278,COURSE020,45.83
EMP177,COURSE034,8.61
EMP359,COURSE029,33.46
EMP001,COURSE023,74.13
EMP101,COURSE037,71.0
EMP344,COURSE010,5.77
EMP414,COURSE011,63.68
EMP132,COURSE033,4.32
EMP146,COURSE043,37.23
EMP363,COURSE034,70.64
EMP438,COURSE042,74.89
EMP301,COURSE015,21.0
EMP370,COURSE039,22.73
EMP459,COURSE047,31.77
EMP031,COURSE034,69.1
EMP449,COURSE003,93.26
EMP047,COURSE003,78.31
EMP280,COURSE005,44.62
EMP126,COURSE006,77.25
EMP305,COURSE033,26.81
EMP348,COURSE012,13.57
EMP179,COURSE020,70.71
EMP419,COURSE001,55.58
EMP305,COURSE036,26.94
EMP414,COURSE005,64.15
EMP055,COURSE043,74.87
EMP361,COURSE002,56.8
EMP101,COURSE048,76.18
EMP350,COURSE030,62.94
EMP272,COURSE011,32.04
EMP254,COURSE035,18.44
EMP499,COURSE039,86.36
EMP189,COURSE013,80.89
EMP415,COURSE010,1.4
EMP163,COURSE031,51.56
EMP312,COURSE044,13.67
EMP479,COURSE043,60.92
EMP415,COURSE026,52.88
EMP243,COURSE013,12.32
EMP214,COURSE010,70.79
EMP054,COURSE015,48.39
EMP272,COURSE024,25.96
EMP100,COURSE043,24.62
EMP038,COURSE012,32.11
EMP376,COURSE001,57.86
EMP226,COURSE050,2.88
EMP186,COURSE037,56.64
EMP105,COURSE012,41.98
EMP108,COURSE035,1.47
EMP452,COURSE004,67.59
EMP482,COURSE009,45.21
EMP272,COURSE041,64.19
EMP082,COURSE015,45.82
EMP310,COURSE041,97.49
EMP430,COURSE004,38.22
EMP351,COURSE001,91.41
EMP086,COURSE036,23.86
EMP046,COURSE042,71.62
EMP056,COURSE023,24.2
EMP379,COURSE041,64.08
EMP173,COURSE034,70.97
EMP002,COURSE039,36.2
EMP137,COURSE008,96.15
EMP190,COURSE005,48.13
EMP015,COURSE002,95.85
EMP273,COURSE014,10.78
EMP288,COURSE050,36.21
EMP360,COURSE032,46.14
EMP190,COURSE030,38.7
EMP359,COURSE011,53.56
EMP301,COURSE049,11.19
EMP211,COURSE042,0.1
EMP020,COURSE042,22.93
EMP403,COURSE004,94.9
EMP369,COURSE034,79.97
EMP293,COURSE048,66.85
EMP351,COURSE033,41.54
EMP279,COURSE007,24.54
EMP381,COURSE004,55.23
EMP323,COURSE013,58.43
EMP166,COURSE044,52.39
EMP253,COURSE014,36.51
EMP437,COURSE020,47.07
EMP020,COURSE031,73.61
EMP024,COURSE045,71.85
EMP489,COURSE046,1.21
EMP326,COURSE031,59.2
EMP440,COURSE048,74.88
EMP259,COURSE009,93.33
EMP125,COURSE046,92.49
EMP387,COURSE037,73.43
EMP291,COURSE048,52.5
EMP063,COURSE038,2.26
EMP342,COURSE003,41.28
EMP392,COURSE006,86.83
EMP223,COURSE005,99.18
EMP067,COURSE019,38.52
EMP006,COURSE029,9.46
EMP191,COURSE042,73.3
EMP477,COURSE013,94.87
EMP318,COURSE028,65.76
EMP166,COURSE002,46.97
EMP492,COURSE047,54.71
EMP347,COURSE040,32.37
EMP197,COURSE045,25.71
EMP188,COURSE020,20.28
EMP324,COURSE017,40.03
EMP302,COURSE050,65.62
EMP121,COURSE039,94.43
EMP311,COURSE021,89.49
EMP219,COURSE030,82.74
EMP438,COURSE017,82.16
EMP462,COURSE038,66.39
EMP417,COURSE047,5.94
EMP189,COURSE005,88.09
EMP024,COURSE041,61.77
EMP171,COURSE042,75.76
EMP268,COURSE016,82.52
EMP406,COURSE029,72.62
EMP297,COURSE015,70.52
EMP377,COURSE018,80.63
EMP389,COURSE050,52.19
EMP152,COURSE017,41.32
EMP122,COURSE024,56.91
EMP125,COURSE027,91.02
EMP395,COURSE041,2.69
EMP369,COURSE023,15.51
EMP127,COURSE047,22.13
EMP297,COURSE003,77.78
EMP111,COURSE029,60.47
EMP099,COURSE038,55.9
EMP253,COURSE025,87.42
EMP495,COURSE014,96.69
EMP306,COURSE038,35.4
EMP491,COURSE048,72.58
EMP119,COURSE021,81.29
EMP402,COURSE002,14.01
EMP134,COURSE034,94.38
EMP100,COURSE050,62.46
EMP072,COURSE031,94.99
EMP045,COURSE003,64.02
EMP433,COURSE026,30.72
EMP372,COURSE017,87.78
EMP218,COURSE036,24.83
EMP016,COURSE014,66.56
EMP474,COURSE026,63.78
EMP365,COURSE029,92.81
EMP494,COURSE042,89.83
EMP188,COURSE042,15.6
EMP203,COURSE025,2.01
EMP286,COURSE002,9.09
EMP375,COURSE019,47.14
EMP039,COURSE049,72.51
EMP306,COURSE020,62.66
EMP440,COURSE005,27.89
EMP254,COURSE024,21.0
EMP165,COURSE001,7.5
EMP263,COURSE026,84.26
EMP144,COURSE034,25.53
EMP262,COURSE012,38.27
EMP114,COURSE042,82.61
EMP370,COURSE040,55.33
EMP435,COURSE045,12.13
EMP079,COURSE026,69.53
EMP281,COURSE020,25.29
EMP341,COURSE011,13.2
EMP492,COURSE034,0.66
EMP161,COURSE029,52.71
EMP444,COURSE001,72.61
EMP114,COURSE033,32.56
EMP083,COURSE045,12.27
EMP116,COURSE021,14.55
EMP437,COURSE023,20.32
EMP035,COURSE001,8.63
EMP146,COURSE031,24.58
EMP136,COURSE004,81.99
EMP366,COURSE034,49.61
EMP154,COURSE021,15.71
EMP190,COURSE020,54.74
EMP399,COURSE021,83.73
EMP232,COURSE014,54.54
EMP378,COURSE048,5.66
EMP190,COURSE019,70.8
EMP085,COURSE038,79.94
EMP458,COURSE043,6.01
EMP470,COURSE043,89.84
EMP490,COURSE023,53.77
EMP135,COURSE046,74.05
EMP237,COURSE041,96.34
EMP221,COURSE006,48.38
EMP168,COURSE034,34.16
EMP305,COURSE039,87.52
EMP268,COURSE011,62.21
EMP116,COURSE004,23.19
EMP239,COURSE017,73.66
EMP179,COURSE038,82.69
EMP165,COURSE021,45.88
EMP450,COURSE036,22.0
EMP263,COURSE007,46.94
EMP309,COURSE035,47.49
EMP360,COURSE016,61.16
EMP417,COURSE003,20.33
EMP001,COURSE049,77.79
EMP350,COURSE010,57.06
EMP184,COURSE045,76.24
EMP195,COURSE021,30.94
EMP036,COURSE034,45.34
EMP362,COURSE045,80.28
EMP429,COURSE041,8.97
EMP314,COURSE015,15.49
EMP107,COURSE001,63.76
EMP286,COURSE004,18.45
EMP175,COURSE007,96.61
EMP274,COURSE018,11.07
EMP427,COURSE004,2.47
EMP388,COURSE038,35.9
EMP250,COURSE011,76.19
EMP089,COURSE048,62.62
EMP238,COURSE014,60.01
EMP409,COURSE040,51.98
EMP358,COURSE042,62.64
EMP336,COURSE019,86.4
EMP241,COURSE042,23.3
EMP425,COURSE027,97.1
EMP197,COURSE008,33.61
EMP307,COURSE027,70.41
EMP300,COURSE047,9.28
EMP013,COURSE018,7.6
EMP439,COURSE038,75.62
EMP385,COURSE031,63.53
EMP327,COURSE037,29.98
EMP302,COURSE018,80.07
EMP411,COURSE047,23.96
EMP319,COURSE003,48.66
EMP372,COURSE047,2.54
EMP285,COURSE015,66.52
EMP167,COURSE013,29.35
EMP324,COURSE003,2.07
EMP441,COURSE027,17.17
EMP328,COURSE042,85.21
EMP355,COURSE037,13.21
EMP243,COURSE002,98.6
EMP270,COURSE005,37.94
EMP451,COURSE017,69.18
EMP043,COURSE044,84.57
EMP321,COURSE050,98.3
EMP299,COURSE020,24.35
EMP182,COURSE032,50.4
EMP303,COURSE015,47.02
EMP497,COURSE003,84.18
EMP323,COURSE023,91.8
EMP309,COURSE034,53.98
EMP070,COURSE043,74.55
EMP009,COURSE027,7.53
EMP211,COURSE037,41.14
EMP257,COURSE015,7.94
EMP054,COURSE043,11.16
EMP248,COURSE019,92.55
EMP106,COURSE037,36.86
EMP322,COURSE032,30.44
EMP437,COURSE042,38.01
EMP496,COURSE049,15.43
EMP426,COURSE001,72.88
EMP192,COURSE012,56.13
EMP359,COURSE010,82.59
EMP445,COURSE035,11.8
EMP132,COURSE041,32.55
EMP071,COURSE008,86.17
EMP110,COURSE004,19.98
EMP365,COURSE038,44.23
EMP189,COURSE042,83.93
EMP244,COURSE004,78.87
EMP439,COURSE028,63.45
EMP227,COURSE028,93.64
EMP228,COURSE013,72.53
EMP161,COURSE036,95.34
EMP074,COURSE010,4.54
EMP137,COURSE021,21.88
EMP176,COURSE040,8.58
EMP438,COURSE001,42.73
EMP487,COURSE041,64.37
EMP155,COURSE022,15.5
EMP256,COURSE010,62.19
EMP375,COURSE024,68.37
EMP371,COURSE025,28.4
EMP053,COURSE007,52.85
EMP080,COURSE035,90.84
EMP428,COURSE036,26.9
EMP286,COURSE047,78.01
EMP284,COURSE036,98.35
EMP043,COURSE035,73.87
EMP161,COURSE007,10.81
EMP426,COURSE021,1.86
EMP438,COURSE023,19.69
EMP247,COURSE012,62.61
EMP151,COURSE009,99.56
EMP361,COURSE027,40.9
EMP498,COURSE022,92.65
EMP351,COURSE013,8.6
EMP138,COURSE007,7.19
EMP294,COURSE031,81.79
EMP280,COURSE035,66.72
EMP482,COURSE005,95.64
EMP357,COURSE022,20.6
EMP019,COURSE015,49.13
EMP368,COURSE001,22.68
EMP128,COURSE004,65.94
EMP168,COURSE020,87.9
EMP367,COURSE019,41.22
EMP060,COURSE018,57.57
EMP281,COURSE050,7.67
EMP329,COURSE014,63.9
EMP139,COURSE047,82.08
EMP216,COURSE032,91.08
EMP119,COURSE022,54.71
EMP106,COURSE012,25.61
EMP172,COURSE025,73.61
EMP020,COURSE049,61.43
EMP362,COURSE001,56.14
EMP366,COURSE017,53.24
EMP169,COURSE042,92.12
EMP258,COURSE019,49.17
EMP069,COURSE049,87.78
EMP098,COURSE041,26.15
EMP064,COURSE012,56.71
EMP212,COURSE046,88.06
EMP377,COURSE040,50.59
EMP302,COURSE007,81.89
EMP153,COURSE035,66.72
EMP038,COURSE021,90.59
EMP053,COURSE013,76.32
EMP494,COURSE006,31.92
EMP091,COURSE002,74.57
EMP037,COURSE035,72.53
EMP376,COURSE037,60.34
EMP404,COURSE047,53.68
EMP038,COURSE036,39.85
EMP157,COURSE016,84.15
EMP248,COURSE028,23.33
EMP475,COURSE028,22.85
EMP063,COURSE007,95.44
EMP370,COURSE046,0.64
EMP401,COURSE012,65.83
EMP186,COURSE006,48.2
EMP227,COURSE031,22.97
EMP287,COURSE016,71.35
EMP249,COURSE015,16.74
EMP341,COURSE029,48.85
EMP133,COURSE003,65.62
EMP022,COURSE008,39.06
EMP267,COURSE038,86.64
EMP217,COURSE009,38.43
EMP387,COURSE002,6.82
EMP240,COURSE015,77.78
EMP135,COURSE022,7.27
EMP371,COURSE030,4.59
EMP349,COURSE028,24.6
EMP499,COURSE034,38.62
EMP052,COURSE027,80.42
EMP301,COURSE026,58.54
EMP455,COURSE043,34.39
EMP036,COURSE050,78.35
EMP407,COURSE050,11.44
EMP068,COURSE009,20.16
EMP400,COURSE021,29.5
EMP257,COURSE022,53.07
EMP251,COURSE010,33.79
EMP077,COURSE034,90.56
EMP150,COURSE002,19.38
EMP216,COURSE034,67.67
EMP164,COURSE042,30.17
EMP099,COURSE037,35.67
EMP298,COURSE021,58.95
EMP047,COURSE033,88.41
EMP054,COURSE009,97.75
EMP123,COURSE008,17.07
EMP456,COURSE016,88.11
EMP412,COURSE050,2.11
EMP264,COURSE032,20.82
EMP021,COURSE048,25.96
EMP479,COURSE032,99.88
EMP134,COURSE025,42.25
EMP253,COURSE023,32.2
EMP047,COURSE007,11.21
EMP444,COURSE006,28.45
EMP037,COURSE002,64.01
EMP201,COURSE024,6.42
EMP229,COURSE005,15.65
EMP465,COURSE026,15.69
EMP065,COURSE040,46.13
EMP115,COURSE041,55.83
EMP320,COURSE037,92.42
EMP446,COURSE007,56.08
EMP142,COURSE007,12.69
EMP138,COURSE038,38.5
EMP008,COURSE006,48.11
EMP208,COURSE004,27.95
EMP238,COURSE010,18.81
EMP110,COURSE015,8.44
EMP489,COURSE045,27.81
EMP124,COURSE043,37.14
EMP058,COURSE045,38.47
EMP354,COURSE037,94.22
EMP341,COURSE010,35.98
EMP196,COURSE046,81.44
EMP109,COURSE008,64.38
EMP477,COURSE047,98.55
EMP144,COURSE041,70.11
EMP483,COURSE034,43.95
EMP229,COURSE049,22.84
EMP253,COURSE017,60.46
EMP202,COURSE021,61.92
EMP051,COURSE010,47.45
EMP247,COURSE001,45.46
EMP251,COURSE017,17.87
EMP311,COURSE044,27.96
EMP308,COURSE033,16.99
EMP066,COURSE024,96.88
EMP015,COURSE001,23.73
EMP152,COURSE025,12.0
EMP177,COURSE002,93.33
EMP231,COURSE041,25.12
EMP458,COURSE014,83.9
EMP110,COURSE036,3.82
EMP332,COURSE050,61.25
EMP287,COURSE024,22.47
EMP065,COURSE025,94.98
EMP271,COURSE010,31.06
EMP122,COURSE011,73.46
EMP441,COURSE006,13.88
EMP378,COURSE038,45.04
EMP248,COURSE018,29.6
EMP029,COURSE045,96.47
EMP174,COURSE018,47.12
EMP052,COURSE017,3.84
EMP239,COURSE012,52.44
EMP232,COURSE034,4.97
EMP094,COURSE042,10.68
EMP292,COURSE047,27.64
EMP305,COURSE037,97.15
EMP020,COURSE043,83.0
EMP465,COURSE028,28.01
EMP002,COURSE020,80.63
EMP057,COURSE035,44.66
EMP250,COURSE035,56.1
EMP120,COURSE048,43.25
EMP289,COURSE040,4.17
EMP398,COURSE046,67.59
EMP147,COURSE023,12.17
EMP292,COURSE008,4.83
EMP113,COURSE025,37.43
EMP165,COURSE014,36.5
EMP186,COURSE019,55.18
EMP278,COURSE014,24.86
EMP305,COURSE003,4.21
EMP182,COURSE031,18.16
EMP477,COURSE038,77.99
EMP471,COURSE042,3.54
EMP091,COURSE037,48.72
EMP033,COURSE021,87.44
EMP206,COURSE023,84.99
EMP212,COURSE006,56.7
EMP174,COURSE048,8.84
EMP409,COURSE032,73.79
EMP031,COURSE019,15.26
EMP416,COURSE038,49.34
EMP274,COURSE006,14.05
EMP414,COURSE028,34.43
EMP161,COURSE012,79.51
EMP119,COURSE017,48.97
EMP418,COURSE028,35.49
EMP145,COURSE019,4.63
EMP311,COURSE013,95.28
EMP349,COURSE045,26.53
EMP093,COURSE016,84.25
EMP261,COURSE008,81.16
EMP162,COURSE039,73.23
EMP210,COURSE029,90.05
EMP220,COURSE046,76.7
EMP303,COURSE043,10.06
EMP376,COURSE011,64.04
EMP438,COURSE007,28.58
EMP150,COURSE036,15.9
EMP086,COURSE047,67.16
EMP131,COURSE005,36.47
EMP485,COURSE030,67.31
EMP073,COURSE039,71.53
EMP194,COURSE026,94.53
EMP081,COURSE045,20.28
EMP213,COURSE045,40.97
EMP119,COURSE038,19.53
EMP106,COURSE048,78.17
EMP440,COURSE003,43.22
EMP474,COURSE003,43.84
EMP186,COURSE014,4.04
EMP122,COURSE031,17.43
EMP261,COURSE035,60.43
EMP244,COURSE037,89.95
EMP434,COURSE036,48.01
EMP294,COURSE004,3.78
EMP001,COURSE046,38.3
EMP318,COURSE013,58.93
EMP259,COURSE048,88.87
EMP365,COURSE001,49.86
EMP172,COURSE032,90.11
EMP148,COURSE033,57.88
EMP012,COURSE011,64.05
EMP120,COURSE040,82.92
EMP453,COURSE018,47.79
EMP293,COURSE042,21.91
EMP413,COURSE021,25.92
EMP022,COURSE042,20.89
EMP094,COURSE043,47.11
EMP413,COURSE032,96.97
EMP385,COURSE030,64.13
EMP274,COURSE046,27.38
EMP030,COURSE018,21.32
EMP462,COURSE049,82.73
EMP240,COURSE019,87.76
EMP474,COURSE046,35.48
EMP069,COURSE046,86.3
EMP260,COURSE030,12.8
EMP126,COURSE007,83.44
EMP351,COURSE038,43.53
EMP179,COURSE005,68.0
EMP376,COURSE035,90.46
EMP388,COURSE011,58.88
EMP411,COURSE025,85.32
EMP151,COURSE039,13.22
EMP493,COURSE031,10.72
EMP272,COURSE009,30.52
EMP017,COURSE010,75.05
EMP471,COURSE001,97.53
EMP197,COURSE017,57.43
EMP488,COURSE018,32.44
EMP004,COURSE007,10.77
EMP053,COURSE001,14.68
EMP066,COURSE005,53.25
EMP459,COURSE033,18.95
EMP355,COURSE039,83.62
EMP433,COURSE042,73.0
EMP067,COURSE038,74.22
EMP092,COURSE008,12.95
EMP296,COURSE033,76.42
EMP496,COURSE029,24.82
EMP162,COURSE001,45.55
EMP191,COURSE013,82.88
EMP477,COURSE046,19.28
EMP427,COURSE027,8.6
EMP384,COURSE038,6.6
EMP419,COURSE045,97.77
EMP146,COURSE024,1.36
EMP467,COURSE031,47.69
EMP032,COURSE001,19.15
EMP370,COURSE027,27.09
EMP037,COURSE045,90.53
EMP153,COURSE005,63.89
EMP350,COURSE013,57.91
EMP106,COURSE039,72.37
EMP356,COURSE011,65.15
EMP224,COURSE027,76.11
EMP282,COURSE045,28.47
EMP289,COURSE023,93.29
EMP465,COURSE035,34.75
EMP342,COURSE018,24.68
EMP184,COURSE038,19.16
EMP488,COURSE039,47.85
EMP373,COURSE022,70.3
EMP135,COURSE034,12.58
EMP288,COURSE035,21.34
EMP027,COURSE042,56.56
EMP181,COURSE002,31.7
EMP195,COURSE006,32.07
EMP040,COURSE041,30.89
EMP434,COURSE048,98.14
EMP437,COURSE040,36.27
EMP483,COURSE007,24.13
EMP132,COURSE009,93.74
EMP251,COURSE019,96.26
EMP314,COURSE046,53.02
EMP347,COURSE035,46.26
EMP242,COURSE013,72.97
EMP149,COURSE002,71.27
EMP091,COURSE046,69.51
EMP071,COURSE015,9.59
EMP046,COURSE049,89.48
EMP435,COURSE048,39.73
EMP487,COURSE046,59.58
EMP237,COURSE039,44.03
EMP351,COURSE017,90.11
EMP127,COURSE018,52.57
EMP441,COURSE013,58.61
EMP211,COURSE022,92.57
EMP413,COURSE022,4.39
EMP194,COURSE023,38.03
EMP139,COURSE034,93.63
EMP142,COURSE036,39.04
EMP406,COURSE030,28.28
EMP134,COURSE009,21.43
EMP389,COURSE006,51.94
EMP369,COURSE021,36.05
EMP344,COURSE034,29.19
EMP163,COURSE036,32.44
EMP091,COURSE023,44.05
EMP333,COURSE017,44.12
EMP233,COURSE026,27.21
EMP351,COURSE029,31.15
EMP228,COURSE049,14.45
EMP083,COURSE037,0.33
EMP004,COURSE005,51.03
EMP357,COURSE016,85.36
EMP464,COURSE020,2.8
EMP054,COURSE048,4.24
EMP266,COURSE030,35.1
EMP353,COURSE013,91.74
EMP125,COURSE014,54.02
EMP035,COURSE027,1.12
EMP361,COURSE032,45.36
EMP132,COURSE020,94.62
EMP262,COURSE043,6.85
EMP322,COURSE041,7.36
EMP498,COURSE032,4.17
EMP066,COURSE049,72.87
EMP278,COURSE003,48.64
EMP411,COURSE030,47.34
EMP490,COURSE050,36.34
EMP350,COURSE040,23.54
EMP273,COURSE036,37.12
EMP456,COURSE034,51.16
EMP192,COURSE037,18.2
EMP047,COURSE011,72.88
EMP470,COURSE038,72.14
EMP089,COURSE005,11.15
EMP065,COURSE004,31.19
EMP382,COURSE018,15.39
EMP184,COURSE021,24.91
EMP473,COURSE026,74.8
EMP383,COURSE048,62.19
EMP442,COURSE015,1.19
EMP433,COURSE012,97.3
EMP194,COURSE030,54.85
EMP170,COURSE004,28.61
EMP420,COURSE017,66.52
EMP491,COURSE007,16.55
EMP449,COURSE020,77.71
EMP380,COURSE007,30.86
EMP137,COURSE016,5.54
EMP115,COURSE005,15.39
EMP210,COURSE038,65.61
EMP007,COURSE020,91.49
EMP481,COURSE045,65.14
EMP118,COURSE025,50.25
EMP006,COURSE046,80.53
EMP122,COURSE036,3.63
EMP008,COURSE048,22.85
EMP334,COURSE029,79.95
EMP340,COURSE016,87.72
EMP106,COURSE042,92.28
EMP073,COURSE032,83.4
EMP166,COURSE023,54.56
EMP168,COURSE042,48.49
EMP431,COURSE004,11.74
EMP050,COURSE042,94.66
EMP446,COURSE042,52.09
EMP440,COURSE027,61.65
EMP437,COURSE033,67.51
EMP119,COURSE015,65.09
EMP037,COURSE022,9.44
EMP366,COURSE019,55.2
EMP449,COURSE008,39.82
EMP089,COURSE008,0.35
EMP449,COURSE048,94.69
EMP316,COURSE029,65.58
EMP432,COURSE009,53.09
EMP188,COURSE040,15.09
EMP356,COURSE044,6.37
EMP156,COURSE005,17.15
EMP255,COURSE004,12.2
EMP109,COURSE046,40.06
EMP016,COURSE042,40.49
EMP265,COURSE025,88.05
EMP379,COURSE018,71.6
EMP263,COURSE006,7.11
EMP075,COURSE046,76.9
EMP267,COURSE019,48.16
EMP325,COURSE032,0.68
EMP463,COURSE030,35.96
EMP124,COURSE029,22.29
EMP374,COURSE030,26.77
EMP383,COURSE047,13.49
EMP253,COURSE039,69.79
EMP344,COURSE037,32.22
EMP319,COURSE032,16.65
EMP049,COURSE030,86.05
EMP338,COURSE036,85.01
EMP123,COURSE038,61.81
EMP468,COURSE012,17.69
EMP369,COURSE015,50.9
EMP295,COURSE033,41.61
EMP148,COURSE017,77.24
EMP234,COURSE047,9.12
EMP180,COURSE001,73.36
EMP159,COURSE016,54.35
EMP352,COURSE046,72.06
EMP429,COURSE033,57.62
EMP202,COURSE045,76.22
EMP495,COURSE043,73.08
EMP336,COURSE014,56.14
EMP318,COURSE042,82.71
EMP275,COURSE040,2.65
EMP107,COURSE039,14.36
EMP284,COURSE029,74.67
EMP174,COURSE017,82.57
EMP304,COURSE004,17.71
EMP338,COURSE015,77.88
EMP305,COURSE025,47.17
EMP347,COURSE006,14.85
EMP194,COURSE035,84.62
EMP384,COURSE034,44.33
EMP283,COURSE026,26.48
EMP326,COURSE003,74.53
EMP403,COURSE010,55.19
EMP285,COURSE030,38.37
EMP092,COURSE023,3.62
EMP009,COURSE039,43.79
EMP023,COURSE033,88.21
EMP069,COURSE027,93.84
EMP096,COURSE033,38.58
EMP080,COURSE027,85.2
EMP406,COURSE022,47.53
EMP078,COURSE034,70.53
EMP370,COURSE008,69.33
EMP072,COURSE001,46.18
EMP311,COURSE037,12.53
EMP412,COURSE013,9.5
EMP330,COURSE038,84.82
EMP200,COURSE046,95.76
EMP187,COURSE050,50.46
EMP124,COURSE044,18.83
EMP464,COURSE014,49.7
EMP163,COURSE044,40.06
EMP017,COURSE008,39.55
EMP098,COURSE011,14.96
EMP397,COURSE018,95.5
EMP443,COURSE035,98.32
EMP233,COURSE010,91.46
EMP247,COURSE026,5.01
EMP111,COURSE040,64.75
EMP192,COURSE010,9.71
EMP222,COURSE004,39.17
EMP487,COURSE014,27.52
EMP268,COURSE050,83.74
EMP093,COURSE009,38.61
EMP360,COURSE015,15.46
EMP481,COURSE001,58.24
EMP260,COURSE024,37.39
EMP049,COURSE016,73.66
EMP363,COURSE004,19.73
EMP102,COURSE004,40.98
EMP229,COURSE043,59.91
EMP041,COURSE045,89.69
EMP185,COURSE020,60.34
EMP174,COURSE034,90.47
EMP210,COURSE006,62.24
EMP073,COURSE002,38.56
EMP448,COURSE019,5.77
EMP447,COURSE017,17.72
EMP242,COURSE003,85.18
EMP149,COURSE024,20.75
EMP272,COURSE021,96.72
EMP017,COURSE046,66.85
EMP016,COURSE010,86.06
EMP486,COURSE045,80.48
EMP190,COURSE044,0.84
EMP419,COURSE038,78.83
EMP498,COURSE043,92.15
EMP022,COURSE021,65.97
EMP283,COURSE023,44.87
EMP182,COURSE046,94.73
EMP020,COURSE015,24.46
EMP334,COURSE040,57.09
EMP042,COURSE041,26.98
EMP091,COURSE033,93.99
EMP480,COURSE033,69.13
EMP425,COURSE036,76.78
EMP286,COURSE009,57.8
EMP187,COURSE029,6.74
EMP251,COURSE004,7.22
EMP024,COURSE038,92.04
EMP283,COURSE006,43.86
EMP115,COURSE011,35.35
EMP376,COURSE041,9.58
EMP125,COURSE018,43.06
EMP368,COURSE023,97.58
EMP202,COURSE015,52.02
EMP140,COURSE029,39.8
EMP230,COURSE034,5.43
EMP157,COURSE012,17.14
EMP099,COURSE039,35.15
EMP190,COURSE021,84.62
EMP063,COURSE045,88.71
EMP465,COURSE050,62.33
EMP240,COURSE018,13.09
EMP288,COURSE015,86.1
EMP224,COURSE041,94.19
EMP261,COURSE010,37.22
EMP177,COURSE018,87.31
EMP190,COURSE016,95.07
EMP102,COURSE027,79.8
EMP174,COURSE032,98.88
EMP441,COURSE028,4.48
EMP149,COURSE032,28.17
EMP420,COURSE033,99.37
EMP199,COURSE015,92.79
EMP062,COURSE040,37.71
EMP120,COURSE003,21.71
EMP220,COURSE019,70.7
EMP469,COURSE043,26.24
EMP125,COURSE049,89.56
EMP318,COURSE031,28.86
EMP326,COURSE022,70.21
EMP265,COURSE011,71.97
EMP334,COURSE037,36.1
EMP362,COURSE014,30.83
EMP229,COURSE023,87.49
EMP041,COURSE008,35.08
EMP193,COURSE027,12.96
EMP191,COURSE027,58.73
EMP333,COURSE022,9.23
EMP310,COURSE047,64.78
EMP236,COURSE004,28.64
EMP116,COURSE043,83.3
EMP105,COURSE044,81.92
EMP312,COURSE035,41.6
EMP122,COURSE009,55.56
EMP431,COURSE010,55.99
EMP359,COURSE003,48.51
EMP024,COURSE023,40.02
EMP124,COURSE007,96.06
EMP059,COURSE022,18.01
EMP208,COURSE024,98.6
EMP078,COURSE004,54.93
EMP123,COURSE048,55.64
EMP293,COURSE050,36.61
EMP148,COURSE036,29.01
EMP213,COURSE010,71.5
EMP445,COURSE011,34.16
EMP201,COURSE028,70.4
EMP333,COURSE014,51.61
EMP348,COURSE026,27.67
EMP227,COURSE013,88.42
EMP053,COURSE035,91.89
EMP428,COURSE023,96.85
EMP328,COURSE006,72.46
EMP197,COURSE026,65.37
EMP086,COURSE024,45.38
EMP437,COURSE015,58.48
EMP303,COURSE013,5.17
EMP363,COURSE046,5.11
EMP269,COURSE006,10.9
EMP140,COURSE024,16.5
EMP447,COURSE039,37.27
EMP393,COURSE024,79.27
EMP067,COURSE017,48.11
EMP314,COURSE003,61.43
EMP138,COURSE004,2.72
EMP143,COURSE008,81.97
EMP096,COURSE020,71.37
EMP277,COURSE042,38.53
EMP206,COURSE019,28.04
EMP039,COURSE026,74.9
EMP238,COURSE032,88.61
EMP194,COURSE043,59.94
EMP063,COURSE049,84.28
EMP404,COURSE042,72.93
EMP075,COURSE034,59.09
EMP482,COURSE040,15.72
EMP497,COURSE046,90.59
EMP318,COURSE034,54.29
EMP483,COURSE045,31.28
EMP101,COURSE026,68.15
EMP411,COURSE001,66.96
EMP051,COURSE036,61.62
EMP146,COURSE018,38.41
EMP475,COURSE002,67.59
EMP026,COURSE022,48.49
EMP131,COURSE019,46.87
EMP478,COURSE010,22.57
EMP235,COURSE031,91.64
EMP113,COURSE042,4.7
EMP309,COURSE008,83.68
EMP455,COURSE008,53.43
EMP052,COURSE045,5.62
EMP493,COURSE046,14.7
EMP340,COURSE048,9.12
EMP453,COURSE045,96.15
EMP421,COURSE033,58.06
EMP265,COURSE036,22.23
EMP218,COURSE003,38.36
EMP303,COURSE034,63.6
EMP449,COURSE035,53.92
EMP043,COURSE023,11.13
EMP451,COURSE019,35.18
EMP251,COURSE045,23.08
EMP338,COURSE001,25.92
EMP136,COURSE049,96.4
EMP223,COURSE014,42.79
EMP108,COURSE021,63.3
EMP021,COURSE019,52.01
EMP334,COURSE012,10.4
EMP467,COURSE042,3.82
EMP104,COURSE025,66.62
EMP050,COURSE015,51.22
EMP303,COURSE023,53.75
EMP498,COURSE036,2.14
EMP475,COURSE014,38.79
EMP334,COURSE026,68.38
EMP367,COURSE011,76.25
EMP373,COURSE047,98.33
EMP048,COURSE012,12.63
EMP011,COURSE006,66.01
EMP118,COURSE012,32.52
EMP094,COURSE023,59.03
EMP024,COURSE016,0.08
EMP321,COURSE022,57.15
EMP489,COURSE004,43.21
EMP242,COURSE017,16.72
EMP300,COURSE016,47.5
EMP061,COURSE009,40.19
EMP249,COURSE028,2.45
EMP069,COURSE017,21.75
EMP080,COURSE037,11.48
EMP368,COURSE039,65.49
EMP454,COURSE034,14.07
EMP250,COURSE025,1.99
EMP438,COURSE018,22.73
EMP160,COURSE044,27.32
EMP079,COURSE008,28.04
EMP117,COURSE016,22.13
EMP379,COURSE043,32.08
EMP262,COURSE033,22.7
EMP249,COURSE037,70.24
EMP304,COURSE001,99.74
EMP262,COURSE042,24.37
EMP233,COURSE032,81.51
EMP196,COURSE020,94.31
EMP488,COURSE019,46.64
EMP106,COURSE032,83.68
EMP281,COURSE022,8.12
EMP155,COURSE003,71.32
EMP456,COURSE048,82.84
EMP415,COURSE024,57.39
EMP094,COURSE013,76.71
EMP471,COURSE043,88.51
EMP114,COURSE004,61.08
EMP283,COURSE018,61.15
EMP160,COURSE027,25.5
EMP198,COURSE038,87.91
EMP389,COURSE043,90.61
EMP068,COURSE019,60.18
EMP366,COURSE050,3.63
EMP282,COURSE004,15.72
EMP050,COURSE006,42.56
EMP281,COURSE027,61.49
EMP380,COURSE016,51.49
EMP013,COURSE005,47.99
EMP059,COURSE001,8.43
EMP391,COURSE015,15.56
EMP145,COURSE013,76.13
EMP351,COURSE006,6.34
EMP466,COURSE009,76.57
EMP419,COURSE035,56.38
EMP132,COURSE013,33.89
EMP179,COURSE016,96.55
EMP216,COURSE011,24.57
EMP333,COURSE033,47.54
EMP047,COURSE046,21.6
EMP384,COURSE016,68.18
EMP120,COURSE012,65.4
EMP133,COURSE018,58.18
EMP169,COURSE014,19.87
EMP419,COURSE050,78.68
EMP313,COURSE045,91.84
EMP429,COURSE029,85.48
EMP392,COURSE019,0.24
EMP217,COURSE038,13.81
EMP328,COURSE030,24.56
EMP307,COURSE040,65.79
EMP364,COURSE013,66.15
EMP154,COURSE041,44.63
EMP048,COURSE049,35.12
EMP340,COURSE003,47.06
EMP249,COURSE020,97.16
EMP450,COURSE006,44.97
EMP138,COURSE043,4.82
EMP409,COURSE026,85.67
EMP411,COURSE021,44.29
EMP492,COURSE007,4.2
EMP069,COURSE043,50.28
EMP299,COURSE011,50.84
EMP289,COURSE043,60.01
EMP025,COURSE038,15.46
EMP406,COURSE019,52.86
EMP378,COURSE035,36.01
EMP171,COURSE007,17.52
EMP357,COURSE004,96.36
EMP391,COURSE035,57.67
EMP187,COURSE014,76.18
EMP282,COURSE030,20.24
EMP081,COURSE026,52.34
EMP001,COURSE019,22.36
EMP162,COURSE016,68.42
EMP340,COURSE036,73.97
EMP261,COURSE007,85.31
EMP199,COURSE017,29.72
EMP291,COURSE046,60.32
EMP480,COURSE032,84.93
EMP259,COURSE020,63.57
EMP322,COURSE019,87.43
EMP227,COURSE024,37.99
EMP490,COURSE041,52.5
EMP306,COURSE015,43.26
EMP106,COURSE038,36.38
EMP336,COURSE037,5.88
EMP492,COURSE011,19.88
EMP027,COURSE022,40.42
EMP341,COURSE049,3.9
EMP180,COURSE003,18.61
EMP389,COURSE020,59.98
EMP441,COURSE030,4.02
EMP326,COURSE046,51.15
EMP031,COURSE014,12.47
EMP328,COURSE003,70.48
EMP253,COURSE035,98.75
EMP012,COURSE042,55.59
EMP455,COURSE019,35.59
EMP192,COURSE013,0.94
EMP251,COURSE013,35.57
EMP324,COURSE001,31.94
EMP170,COURSE039,26.48
EMP154,COURSE006,1.14
EMP200,COURSE026,50.71
EMP363,COURSE035,59.82
EMP209,COURSE002,57.04
EMP170,COURSE011,67.9
EMP101,COURSE003,79.97
EMP287,COURSE045,2.09
EMP238,COURSE026,80.24
EMP043,COURSE038,12.99
EMP276,COURSE031,11.86
EMP430,COURSE021,13.33
EMP244,COURSE034,4.7
EMP174,COURSE023,39.08
EMP122,COURSE014,33.31
EMP221,COURSE046,42.36
EMP145,COURSE015,69.81
EMP105,COURSE034,16.4
EMP427,COURSE028,14.56
EMP178,COURSE001,85.07
EMP003,COURSE023,82.06
EMP172,COURSE008,74.6
EMP258,COURSE050,96.34
EMP009,COURSE050,89.34
EMP335,COURSE020,64.37
EMP024,COURSE006,18.43
EMP410,COURSE003,56.6
EMP458,COURSE030,50.32
EMP036,COURSE032,8.73
EMP454,COURSE045,92.0
EMP160,COURSE039,54.16
EMP068,COURSE027,95.11
EMP483,COURSE040,95.98
EMP287,COURSE003,75.94
EMP339,COURSE013,53.91
EMP163,COURSE008,48.83
EMP053,COURSE008,32.67
EMP053,COURSE026,90.71
EMP130,COURSE028,40.08
EMP396,COURSE003,16.07
EMP035,COURSE035,72.98
EMP024,COURSE031,63.71
EMP117,COURSE024,7.34
EMP010,COURSE021,53.17
EMP166,COURSE003,96.27
EMP499,COURSE036,7.04
EMP107,COURSE049,10.99
EMP366,COURSE010,94.58
EMP280,COURSE019,90.98
EMP469,COURSE041,83.71
EMP386,COURSE012,8.31
EMP338,COURSE042,30.28
EMP470,COURSE022,24.47
EMP212,COURSE026,27.89
EMP163,COURSE009,10.52
EMP362,COURSE029,60.37
EMP477,COURSE040,39.11
EMP492,COURSE009,78.09
EMP166,COURSE018,76.28
EMP025,COURSE036,87.68
EMP357,COURSE042,6.88
EMP108,COURSE006,59.15
EMP429,COURSE050,31.47
EMP147,COURSE022,86.37
EMP459,COURSE041,57.35
EMP388,COURSE009,84.8
EMP351,COURSE026,5.43
EMP175,COURSE044,94.92
EMP098,COURSE017,46.7
EMP058,COURSE012,75.74
EMP350,COURSE018,15.0
EMP394,COURSE020,37.65
EMP308,COURSE019,97.89
EMP464,COURSE003,45.03
EMP310,COURSE048,14.22
EMP043,COURSE004,58.44
EMP312,COURSE008,48.54
EMP394,COURSE029,64.27
EMP398,COURSE019,74.63
EMP215,COURSE008,22.4
EMP144,COURSE022,37.07
EMP481,COURSE049,17.64
EMP062,COURSE027,88.93
EMP006,COURSE011,4.63
EMP218,COURSE031,28.96
EMP456,COURSE046,63.22
EMP097,COURSE020,79.62
EMP243,COURSE008,44.0
EMP241,COURSE017,74.2
EMP309,COURSE021,81.89
EMP387,COURSE006,40.95
EMP463,COURSE005,35.2
EMP029,COURSE026,61.76
EMP166,COURSE034,73.65
EMP400,COURSE001,94.03
EMP292,COURSE016,76.59
EMP097,COURSE033,52.86
EMP042,COURSE003,43.57
EMP218,COURSE041,99.79
EMP315,COURSE043,80.48
EMP412,COURSE028,25.68
EMP425,COURSE012,27.9
EMP233,COURSE045,8.36
EMP427,COURSE039,60.29
EMP005,COURSE019,87.79
EMP027,COURSE029,53.31
EMP339,COURSE025,73.57
EMP146,COURSE025,82.49
EMP356,COURSE012,33.13
EMP107,COURSE024,55.25
EMP146,COURSE002,0.94
EMP363,COURSE031,5.24
EMP078,COURSE011,53.0
EMP251,COURSE050,31.95
EMP402,COURSE018,71.31
EMP427,COURSE038,93.74
EMP404,COURSE040,88.46
EMP161,COURSE022,81.26
EMP029,COURSE049,9.73
EMP432,COURSE040,9.54
EMP210,COURSE019,51.22
EMP021,COURSE004,41.16
EMP095,COURSE038,81.36
EMP258,COURSE025,55.03
EMP414,COURSE031,79.63
EMP144,COURSE006,50.32
EMP107,COURSE019,1.72
EMP488,COURSE037,91.75
EMP426,COURSE040,64.2
EMP416,COURSE047,41.09
EMP480,COURSE026,51.81
EMP094,COURSE039,87.05
EMP256,COURSE035,93.63
EMP029,COURSE017,58.75
EMP436,COURSE047,47.22
EMP233,COURSE017,90.07
EMP466,COURSE015,20.84
EMP176,COURSE033,87.33
EMP213,COURSE016,25.42
EMP028,COURSE020,12.18
EMP172,COURSE044,38.13
EMP314,COURSE009,61.14
EMP003,COURSE031,84.72
EMP015,COURSE038,71.84
EMP475,COURSE050,43.39
EMP244,COURSE030,47.93
EMP180,COURSE036,83.8
EMP113,COURSE006,46.54
EMP043,COURSE011,50.31
EMP361,COURSE043,62.4
EMP358,COURSE043,95.34
EMP403,COURSE022,68.55
EMP150,COURSE043,92.98
EMP107,COURSE035,59.27
EMP348,COURSE010,81.96
EMP054,COURSE031,18.19
EMP300,COURSE017,7.49
EMP210,COURSE008,16.21
EMP275,COURSE041,42.83
EMP436,COURSE002,16.22
EMP011,COURSE017,20.55
EMP378,COURSE040,5.48
EMP437,COURSE024,32.0
EMP211,COURSE044,4.62
EMP084,COURSE048,92.69
EMP430,COURSE030,86.91
EMP327,COURSE012,50.63
EMP247,COURSE037,64.98
EMP196,COURSE008,87.29
EMP447,COURSE024,58.45
EMP043,COURSE010,25.97
EMP078,COURSE046,93.63
EMP233,COURSE016,18.82
EMP440,COURSE006,83.46
EMP436,COURSE038,55.95
EMP152,COURSE015,90.37
EMP117,COURSE021,28.77
EMP249,COURSE040,89.48
EMP421,COURSE041,10.53
EMP357,COURSE037,79.61
EMP269,COURSE004,69.67
EMP366,COURSE003,74.16
EMP030,COURSE033,24.29
EMP462,COURSE015,65.37
EMP319,COURSE007,88.93
EMP047,COURSE031,10.55
EMP017,COURSE007,8.93
EMP403,COURSE039,85.51
EMP490,COURSE026,79.41
EMP032,COURSE034,40.52
EMP486,COURSE038,1.15
EMP268,COURSE041,40.74
EMP006,COURSE026,10.49
EMP329,COURSE023,87.91
EMP221,COURSE012,89.6
EMP324,COURSE008,82.29
EMP093,COURSE033,32.38
EMP280,COURSE018,54.71
EMP458,COURSE050,27.87
EMP126,COURSE026,23.51
EMP151,COURSE020,13.48
EMP444,COURSE015,91.06
EMP320,COURSE032,60.6
EMP397,COURSE034,12.88
EMP077,COURSE007,13.45
EMP116,COURSE028,13.12
EMP468,COURSE044,91.22
EMP297,COURSE039,29.56
EMP337,COURSE048,28.42
EMP189,COURSE002,33.13
EMP369,COURSE035,56.73
EMP490,COURSE003,98.25
EMP394,COURSE023,23.03
EMP399,COURSE007,22.29
EMP092,COURSE046,92.54
EMP036,COURSE010,26.04
EMP047,COURSE044,49.73
EMP422,COURSE003,49.77
EMP183,COURSE026,96.46
EMP245,COURSE028,5.61
EMP167,COURSE045,17.89
EMP256,COURSE032,32.15
EMP414,COURSE021,9.85
EMP484,COURSE019,13.41
EMP461,COURSE050,69.45
EMP201,COURSE010,99.08
EMP152,COURSE049,58.48
EMP126,COURSE036,20.64
EMP211,COURSE011,43.19
EMP468,COURSE042,39.99
EMP070,COURSE021,64.38
EMP120,COURSE005,12.84
EMP107,COURSE032,1.55
EMP259,COURSE032,84.33
EMP084,COURSE003,12.28
EMP497,COURSE045,5.62
EMP327,COURSE025,46.61
EMP321,COURSE003,48.42
EMP088,COURSE018,80.22
EMP384,COURSE032,58.73
EMP345,COURSE003,15.68
EMP281,COURSE030,73.11
EMP055,COURSE034,77.14
EMP471,COURSE037,79.99
EMP011,COURSE037,64.0
EMP238,COURSE035,65.87
EMP294,COURSE014,47.83
EMP353,COURSE003,36.43
EMP123,COURSE047,92.28
EMP500,COURSE050,10.99
EMP241,COURSE036,67.33
EMP190,COURSE031,37.34
EMP467,COURSE023,7.66
EMP175,COURSE006,63.03
EMP088,COURSE008,8.59
EMP342,COURSE047,86.27
EMP356,COURSE017,16.83
EMP181,COURSE005,6.34
EMP139,COURSE014,67.18
EMP105,COURSE025,56.64
EMP338,COURSE035,67.72
EMP177,COURSE035,41.86
EMP211,COURSE050,17.56
EMP023,COURSE037,90.92
EMP354,COURSE035,99.23
EMP473,COURSE002,96.68
EMP448,COURSE038,68.51
EMP276,COURSE021,50.55
EMP152,COURSE039,56.3
EMP309,COURSE003,4.91
EMP136,COURSE003,25.06
EMP333,COURSE032,83.17
EMP474,COURSE043,98.03
EMP470,COURSE048,67.16
EMP360,COURSE034,10.12
EMP434,COURSE037,35.22
EMP367,COURSE046,74.37
EMP038,COURSE027,55.64
EMP136,COURSE007,82.64
EMP021,COURSE044,77.72
EMP053,COURSE015,82.56
EMP352,COURSE029,3.38
EMP155,COURSE031,87.75
EMP336,COURSE048,66.54
EMP078,COURSE007,60.57
EMP397,COURSE038,48.6
EMP119,COURSE049,45.98
EMP204,COURSE037,94.29
EMP097,COURSE026,9.09
EMP313,COURSE037,88.99
EMP347,COURSE023,70.75
EMP007,COURSE023,29.3
EMP334,COURSE008,96.91
EMP426,COURSE016,89.58
EMP074,COURSE032,0.33
EMP488,COURSE002,95.94
EMP283,COURSE001,28.45
EMP273,COURSE028,21.94
EMP078,COURSE017,44.58
EMP427,COURSE035,34.67
EMP109,COURSE036,72.57
EMP061,COURSE023,48.82
EMP018,COURSE037,83.84
EMP068,COURSE025,34.74
EMP155,COURSE044,77.96
EMP433,COURSE040,47.09
EMP329,COURSE048,36.33
EMP211,COURSE019,18.28
EMP434,COURSE042,70.42
EMP218,COURSE034,79.75
EMP175,COURSE047,50.63
EMP226,COURSE002,9.24
EMP218,COURSE050,60.61
EMP372,COURSE030,67.58
EMP140,COURSE048,42.24
EMP354,COURSE009,64.89
EMP334,COURSE039,91.9
EMP258,COURSE002,19.52
EMP214,COURSE044,37.5
EMP367,COURSE001,8.16
EMP046,COURSE035,84.05
EMP221,COURSE005,81.12
EMP035,COURSE016,55.61
EMP117,COURSE029,84.47
EMP471,COURSE020,92.85
EMP297,COURSE041,9.62
EMP209,COURSE033,47.4
EMP017,COURSE022,25.89
EMP145,COURSE039,58.43
EMP229,COURSE046,47.38
EMP244,COURSE033,40.48
EMP266,COURSE035,59.19
EMP448,COURSE045,78.05
EMP493,COURSE018,91.91
EMP089,COURSE024,78.99
EMP459,COURSE036,32.7
EMP268,COURSE021,30.03
EMP149,COURSE019,25.77
EMP247,COURSE041,60.18
EMP167,COURSE017,81.99
EMP178,COURSE010,56.54
EMP271,COURSE002,69.33
EMP050,COURSE033,90.93
EMP357,COURSE017,15.56
EMP268,COURSE028,97.67
EMP221,COURSE010,83.42
EMP176,COURSE004,24.9
EMP084,COURSE019,9.92
EMP109,COURSE038,99.52
EMP241,COURSE045,33.52
EMP220,COURSE041,18.21
EMP356,COURSE023,17.77
EMP109,COURSE042,42.22
EMP437,COURSE043,9.17
EMP474,COURSE001,29.57
EMP366,COURSE049,75.71
EMP176,COURSE017,24.7
EMP082,COURSE002,87.21
EMP253,COURSE022,33.46
EMP372,COURSE010,76.7
EMP118,COURSE049,96.82
EMP082,COURSE018,91.93
EMP351,COURSE009,8.4
EMP096,COURSE024,10.87
EMP453,COURSE032,59.34
EMP486,COURSE030,21.56
EMP281,COURSE035,88.74
EMP073,COURSE035,38.4
EMP343,COURSE034,77.92
EMP134,COURSE022,27.14
EMP368,COURSE049,98.27
EMP478,COURSE050,6.25
EMP005,COURSE021,9.26
EMP039,COURSE010,39.05
EMP403,COURSE035,7.97
EMP226,COURSE024,10.88
EMP414,COURSE016,77.14
EMP361,COURSE019,52.22
EMP307,COURSE028,38.69
EMP237,COURSE048,66.34
EMP334,COURSE014,80.88
EMP299,COURSE012,7.59
EMP478,COURSE047,77.43
EMP054,COURSE006,67.08
EMP383,COURSE014,59.91
EMP206,COURSE008,6.78
EMP041,COURSE038,99.99
EMP200,COURSE028,36.99
EMP298,COURSE003,60.23
EMP063,COURSE032,44.8
EMP080,COURSE023,12.55
EMP331,COURSE040,2.15
EMP050,COURSE032,38.82
EMP103,COURSE008,80.25
EMP351,COURSE046,71.08
EMP476,COURSE029,3.45
EMP448,COURSE016,51.84
EMP331,COURSE039,58.52
EMP123,COURSE014,23.8
EMP165,COURSE030,53.91
EMP089,COURSE014,88.94
EMP329,COURSE036,71.24
EMP354,COURSE047,99.26
EMP341,COURSE023,22.0
EMP210,COURSE027,30.5
EMP054,COURSE014,5.83
EMP276,COURSE018,2.97
EMP013,COURSE032,23.3
EMP378,COURSE046,8.75
EMP067,COURSE003,69.09
EMP455,COURSE046,38.26
EMP447,COURSE006,6.18
EMP444,COURSE046,90.31
EMP237,COURSE029,2.98
EMP474,COURSE011,31.77
EMP464,COURSE015,98.4
EMP072,COURSE050,85.16
EMP416,COURSE050,63.88
EMP268,COURSE018,7.9
EMP163,COURSE047,57.04
EMP069,COURSE036,57.69
EMP317,COURSE026,95.64
EMP049,COURSE047,39.25
EMP111,COURSE042,71.07
EMP383,COURSE017,34.45
EMP137,COURSE024,16.09
EMP049,COURSE037,74.57
EMP203,COURSE032,79.14
EMP012,COURSE030,58.35
EMP238,COURSE044,28.5
EMP254,COURSE005,19.32
EMP407,COURSE016,45.53
EMP210,COURSE025,74.42
EMP162,COURSE024,49.32
EMP133,COURSE022,39.75
EMP394,COURSE012,95.42
EMP091,COURSE035,65.57
EMP081,COURSE037,30.7
EMP139,COURSE020,79.49
EMP495,COURSE023,10.41
EMP376,COURSE020,80.56
EMP363,COURSE037,94.07
EMP094,COURSE047,62.62
EMP098,COURSE045,35.37
EMP398,COURSE017,70.97
EMP329,COURSE028,61.19
EMP311,COURSE004,95.52
EMP471,COURSE025,60.13
EMP167,COURSE012,11.68
EMP420,COURSE049,66.2
EMP302,COURSE029,44.8
EMP441,COURSE016,54.59
EMP030,COURSE022,4.76
EMP036,COURSE005,89.39
EMP073,COURSE034,6.79
EMP342,COURSE050,52.92
EMP449,COURSE018,74.43
EMP079,COURSE046,28.12
EMP220,COURSE043,75.01
EMP439,COURSE041,49.14
EMP494,COURSE037,58.11
EMP433,COURSE033,48.4
EMP415,COURSE041,54.65
EMP271,COURSE035,64.25
EMP388,COURSE035,31.88
EMP303,COURSE026,27.72
EMP420,COURSE044,60.96
EMP087,COURSE041,15.35
EMP024,COURSE025,22.65
EMP448,COURSE007,5.9
EMP472,COURSE031,94.45
EMP146,COURSE033,69.79
EMP253,COURSE047,98.26
EMP076,COURSE033,93.75
EMP443,COURSE010,45.31
EMP305,COURSE021,19.44
EMP450,COURSE013,58.88
EMP040,COURSE002,50.95
EMP443,COURSE018,57.39
EMP434,COURSE026,54.63
EMP117,COURSE017,38.46
EMP382,COURSE042,31.51
EMP017,COURSE031,82.21
EMP151,COURSE041,95.89
EMP467,COURSE006,91.85
EMP209,COURSE022,99.06
EMP181,COURSE035,53.07
EMP008,COURSE041,39.85
EMP152,COURSE007,19.28
EMP493,COURSE041,27.86
EMP277,COURSE021,58.86
EMP470,COURSE034,80.06
EMP251,COURSE007,86.42
EMP299,COURSE016,76.68
EMP089,COURSE023,88.2
EMP226,COURSE043,6.73
EMP295,COURSE044,15.9
EMP446,COURSE034,42.27
EMP015,COURSE018,81.0
EMP118,COURSE046,29.5
EMP147,COURSE008,18.39
EMP236,COURSE010,60.07
EMP005,COURSE031,32.58
EMP234,COURSE037,34.41
EMP309,COURSE002,8.24
EMP079,COURSE007,78.38
EMP440,COURSE031,10.94
EMP454,COURSE037,4.1
EMP019,COURSE049,78.96
EMP277,COURSE041,47.92
EMP455,COURSE014,55.73
EMP457,COURSE040,75.43
EMP085,COURSE003,69.88
EMP164,COURSE008,54.8
EMP198,COURSE008,81.28
EMP156,COURSE018,3.8
EMP255,COURSE016,24.43
EMP445,COURSE017,41.04
EMP092,COURSE014,79.07
EMP384,COURSE006,88.77
EMP018,COURSE031,68.56
EMP170,COURSE013,35.26
EMP440,COURSE047,76.18
EMP371,COURSE043,0.94
EMP296,COURSE029,87.9
EMP019,COURSE014,76.94
EMP409,COURSE025,13.24
EMP339,COURSE036,47.66
EMP418,COURSE012,62.15
EMP357,COURSE045,81.43
EMP141,COURSE050,2.79
EMP176,COURSE008,23.07
EMP223,COURSE022,57.13
EMP065,COURSE041,92.07
EMP292,COURSE038,29.71
EMP030,COURSE025,24.59
EMP172,COURSE046,37.3
EMP428,COURSE021,43.3
EMP074,COURSE013,87.57
EMP065,COURSE021,28.82
EMP313,COURSE027,8.14
EMP238,COURSE033,61.76
EMP296,COURSE030,96.02
EMP171,COURSE017,29.01
EMP097,COURSE003,48.26
EMP437,COURSE037,85.41
EMP126,COURSE029,64.72
EMP144,COURSE002,39.22
EMP302,COURSE019,51.84
EMP050,COURSE013,83.59
EMP266,COURSE044,35.14
EMP115,COURSE046,18.41
EMP400,COURSE037,30.39
EMP137,COURSE037,13.29
EMP028,COURSE029,25.66
EMP105,COURSE038,62.59
EMP333,COURSE001,18.79
EMP283,COURSE028,0.19
EMP029,COURSE039,3.42
EMP107,COURSE008,34.86
EMP339,COURSE046,78.0
EMP160,COURSE047,2.71
EMP015,COURSE010,22.64
EMP248,COURSE045,0.76
EMP383,COURSE041,11.21
EMP233,COURSE047,23.17
EMP215,COURSE003,74.34
EMP214,COURSE020,88.22
EMP131,COURSE030,17.73
EMP270,COURSE011,47.83
EMP155,COURSE028,20.27
EMP437,COURSE047,80.47
EMP053,COURSE021,90.24
EMP487,COURSE025,61.06
EMP383,COURSE012,85.55
EMP432,COURSE018,48.72
EMP035,COURSE031,57.21
EMP334,COURSE024,32.11
EMP307,COURSE034,21.19
EMP117,COURSE025,97.49
EMP004,COURSE001,56.65
EMP337,COURSE032,57.73
EMP220,COURSE002,57.4
EMP422,COURSE027,91.01
EMP383,COURSE013,13.63
EMP079,COURSE036,51.01
EMP371,COURSE035,51.7
EMP471,COURSE017,54.3
EMP175,COURSE010,82.75
EMP287,COURSE017,11.77
EMP432,COURSE002,47.59
EMP037,COURSE010,90.2
EMP062,COURSE044,12.51
EMP031,COURSE001,78.76
EMP370,COURSE048,40.73
EMP169,COURSE050,63.4
EMP277,COURSE032,45.73
EMP182,COURSE010,4.96
EMP102,COURSE012,1.33
EMP421,COURSE036,65.46
EMP400,COURSE048,44.26
EMP214,COURSE001,65.45
EMP453,COURSE049,46.34
EMP481,COURSE019,28.69
EMP339,COURSE029,29.1
EMP057,COURSE018,90.03
EMP211,COURSE001,22.89
EMP087,COURSE002,4.35
EMP185,COURSE004,1.49
EMP205,COURSE035,40.3
EMP112,COURSE041,80.94
EMP399,COURSE044,22.33
EMP184,COURSE044,45.55
EMP044,COURSE030,7.68
EMP419,COURSE020,23.31
EMP416,COURSE027,53.65
EMP109,COURSE028,32.9
EMP422,COURSE032,74.23
EMP036,COURSE024,9.05
EMP325,COURSE018,30.02
EMP037,COURSE032,95.07
EMP150,COURSE006,53.15
EMP239,COURSE035,40.21
EMP107,COURSE018,13.36
EMP436,COURSE037,53.98
EMP263,COURSE013,2.44
EMP315,COURSE022,19.82
EMP081,COURSE036,4.85
EMP321,COURSE009,64.49
EMP227,COURSE020,58.9
EMP454,COURSE031,38.95
EMP109,COURSE039,28.51
EMP491,COURSE010,75.16
EMP432,COURSE028,56.29
EMP487,COURSE015,43.44
EMP172,COURSE040,15.81
EMP472,COURSE021,82.58
EMP495,COURSE021,17.38
EMP438,COURSE035,2.97
EMP099,COURSE013,44.53
EMP146,COURSE023,30.92
EMP035,COURSE042,50.55
EMP272,COURSE034,38.21
EMP433,COURSE017,52.49
EMP242,COURSE011,58.97
EMP323,COURSE043,58.11
EMP439,COURSE026,66.27
EMP465,COURSE042,69.29
EMP379,COURSE022,95.48
EMP425,COURSE005,71.52
EMP321,COURSE028,89.93
EMP448,COURSE039,73.97
EMP238,COURSE039,95.31
EMP415,COURSE008,18.52
EMP316,COURSE039,18.03
EMP355,COURSE042,61.57
EMP056,COURSE029,78.71
EMP464,COURSE009,55.92
EMP431,COURSE040,2.63
EMP368,COURSE025,55.98
EMP068,COURSE012,21.95
EMP408,COURSE039,84.93
EMP294,COURSE018,85.31
EMP208,COURSE044,23.81
EMP006,COURSE001,29.01
EMP271,COURSE005,13.38
EMP315,COURSE033,64.38
EMP403,COURSE015,36.18
EMP070,COURSE024,73.34
EMP198,COURSE018,38.1
EMP492,COURSE037,56.65
EMP297,COURSE044,97.27
EMP038,COURSE045,77.76
EMP305,COURSE045,91.19
EMP167,COURSE037,25.7
EMP296,COURSE045,60.18
EMP360,COURSE030,59.95
EMP356,COURSE014,30.91
EMP493,COURSE022,70.94
EMP195,COURSE018,91.08
EMP473,COURSE037,43.37
EMP433,COURSE019,23.63
EMP125,COURSE025,13.15
EMP046,COURSE050,33.57
EMP201,COURSE049,26.16
EMP017,COURSE009,6.46
EMP469,COURSE016,83.62
EMP367,COURSE020,18.87
EMP215,COURSE012,43.79
EMP344,COURSE003,43.53
EMP129,COURSE024,82.87
EMP071,COURSE019,83.41
EMP142,COURSE011,52.04
EMP370,COURSE049,74.26
EMP310,COURSE033,58.04
EMP345,COURSE019,64.94
EMP435,COURSE007,39.05
EMP423,COURSE043,67.43
EMP442,COURSE042,3.31
EMP499,COURSE021,93.05
EMP073,COURSE042,85.52
EMP110,COURSE039,55.7
EMP101,COURSE009,8.23
EMP064,COURSE026,92.21
EMP301,COURSE031,52.31
EMP295,COURSE042,60.72
EMP317,COURSE021,56.45
EMP362,COURSE032,49.63
EMP300,COURSE048,29.6
EMP489,COURSE017,60.02
EMP461,COURSE004,18.06
EMP131,COURSE017,76.53
EMP484,COURSE013,32.73
EMP234,COURSE012,96.4
EMP373,COURSE005,61.01
EMP045,COURSE002,93.03
EMP315,COURSE034,50.01
EMP073,COURSE046,13.57
EMP311,COURSE043,72.69
EMP325,COURSE003,76.86
EMP114,COURSE030,79.93
EMP445,COURSE045,35.31
EMP206,COURSE032,87.12
EMP437,COURSE034,42.77
EMP328,COURSE034,94.26
EMP462,COURSE025,67.12
EMP282,COURSE031,54.26
EMP354,COURSE017,11.43
EMP141,COURSE042,58.3
EMP405,COURSE014,87.06
EMP102,COURSE029,21.21
EMP018,COURSE026,43.79
EMP327,COURSE011,33.0
EMP080,COURSE043,10.12
EMP185,COURSE015,92.73
EMP372,COURSE042,8.24
EMP141,COURSE032,30.19
EMP431,COURSE030,52.75
EMP268,COURSE005,88.05
EMP032,COURSE012,69.08
EMP231,COURSE038,83.64
EMP463,COURSE016,12.36
EMP460,COURSE010,59.15
EMP051,COURSE050,88.51
EMP161,COURSE001,2.83
EMP396,COURSE049,91.65
EMP348,COURSE011,99.83
EMP125,COURSE033,18.27
EMP108,COURSE017,4.65
EMP165,COURSE045,35.19
EMP229,COURSE044,9.32
EMP084,COURSE045,20.31
EMP469,COURSE011,41.06
