,id,empID,name,designation,password,email,mobile,performance_rate
0,1,EMP001,Employee1,Lead,password1,employee1@emp.com,9046093686,55.89
1,2,EMP002,Employee2,SDE2,password2,employee2@emp.com,7480247387,58.42
2,3,EMP003,Employee3,HR,password3,employee3@emp.com,7279416815,83.39
3,4,EMP004,Employee4,Lead,password4,employee4@emp.com,8482436691,50.19
4,5,EMP005,Employee5,DevOps,password5,employee5@emp.com,8247966357,43.21
5,6,EMP006,Employee6,HR,password6,employee6@emp.com,7445110124,26.82
6,7,EMP007,Employee7,Lead,password7,employee7@emp.com,7003117189,60.06
7,8,EMP008,Employee8,Manager,password8,employee8@emp.com,9327791273,36.94
8,9,EMP009,Employee9,SDE1,password9,employee9@emp.com,7252207497,37.19
9,10,EMP010,Employee10,HR,password10,employee10@emp.com,8138932787,53.17
10,11,EMP011,Employee11,SDE2,password11,employee11@emp.com,8414349793,50.19
11,12,EMP012,Employee12,QA,password12,employee12@emp.com,8277227506,48.61
12,13,EMP013,Employee13,HR,password13,employee13@emp.com,8378391998,43.75
13,14,EMP014,Employee14,SDE2,password14,employee14@emp.com,8745508842,0.0
14,15,EMP015,Employee15,Designer,password15,employee15@emp.com,8649274626,59.01
15,16,EMP016,Employee16,DevOps,password16,employee16@emp.com,9986662914,64.37
16,17,EMP017,Employee17,Designer,password17,employee17@emp.com,7476684180,43.56
17,18,EMP018,Employee18,Manager,password18,employee18@emp.com,9931509638,67.22
18,19,EMP019,Employee19,Manager,password19,employee19@emp.com,7195235384,68.34
19,20,EMP020,Employee20,Lead,password20,employee20@emp.com,8453925277,53.09
20,21,EMP021,Employee21,SDE1,password21,employee21@emp.com,9826970986,49.21
21,22,EMP022,Employee22,DevOps,password22,employee22@emp.com,7055590067,41.97
22,23,EMP023,Employee23,Lead,password23,employee23@emp.com,7044579877,89.56
23,24,EMP024,Employee24,Lead,password24,employee24@emp.com,8761527441,46.32
24,25,EMP025,Employee25,Lead,password25,employee25@emp.com,8888460670,51.57
25,26,EMP026,Employee26,Manager,password26,employee26@emp.com,8882317317,48.49
26,27,EMP027,Employee27,SDE1,password27,employee27@emp.com,7791582533,50.1
27,28,EMP028,Employee28,DevOps,password28,employee28@emp.com,9843842727,13.67
28,29,EMP029,Employee29,Lead,password29,employee29@emp.com,9655176324,46.03
29,30,EMP030,Employee30,Lead,password30,employee30@emp.com,8907998643,28.59
30,31,EMP031,Employee31,Manager,password31,employee31@emp.com,8005649305,43.9
31,32,EMP032,Employee32,QA,password32,employee32@emp.com,7016368020,42.92
32,33,EMP033,Employee33,Designer,password33,employee33@emp.com,7490906909,86.54
33,34,EMP034,Employee34,SDE1,password34,employee34@emp.com,9080773365,0.0
34,35,EMP035,Employee35,SDE1,password35,employee35@emp.com,7804329984,41.02
35,36,EMP036,Employee36,SDE2,password36,employee36@emp.com,8237050567,42.82
36,37,EMP037,Employee37,HR,password37,employee37@emp.com,8210420284,70.3
37,38,EMP038,Employee38,Designer,password38,employee38@emp.com,9442586737,59.19
38,39,EMP039,Employee39,HR,password39,employee39@emp.com,7634613034,62.15
39,40,EMP040,Employee40,Manager,password40,employee40@emp.com,9681741365,40.92
40,41,EMP041,Employee41,Lead,password41,employee41@emp.com,8009243450,74.92
41,42,EMP042,Employee42,SDE1,password42,employee42@emp.com,9998870784,35.28
42,43,EMP043,Employee43,Lead,password43,employee43@emp.com,8997690578,45.33
43,44,EMP044,Employee44,SDE1,password44,employee44@emp.com,7333730432,7.68
44,45,EMP045,Employee45,Manager,password45,employee45@emp.com,9746037638,78.53
45,46,EMP046,Employee46,Manager,password46,employee46@emp.com,9336464746,60.94
46,47,EMP047,Employee47,Manager,password47,employee47@emp.com,8967334658,47.53
47,48,EMP048,Employee48,Designer,password48,employee48@emp.com,7696024313,23.88
48,49,EMP049,Employee49,SDE2,password49,employee49@emp.com,8031775897,56.51
49,50,EMP050,Employee50,SDE2,password50,employee50@emp.com,9821764607,66.96
50,51,EMP051,Employee51,SDE1,password51,employee51@emp.com,7362063275,65.86
51,52,EMP052,Employee52,DevOps,password52,employee52@emp.com,8960376913,29.96
52,53,EMP053,Employee53,Lead,password53,employee53@emp.com,8101789793,66.49
53,54,EMP054,Employee54,QA,password54,employee54@emp.com,9652002980,36.09
54,55,EMP055,Employee55,DevOps,password55,employee55@emp.com,7760334439,76.0
55,56,EMP056,Employee56,QA,password56,employee56@emp.com,8317400412,51.46
56,57,EMP057,Employee57,Manager,password57,employee57@emp.com,9695703382,43.6
57,58,EMP058,Employee58,SDE1,password58,employee58@emp.com,7065325976,57.1
58,59,EMP059,Employee59,Manager,password59,employee59@emp.com,7888465986,23.83
59,60,EMP060,Employee60,Designer,password60,employee60@emp.com,7866673772,74.51
60,61,EMP061,Employee61,SDE1,password61,employee61@emp.com,7722370557,44.5
61,62,EMP062,Employee62,HR,password62,employee62@emp.com,9260205594,46.38
62,63,EMP063,Employee63,SDE2,password63,employee63@emp.com,7991004151,63.1
63,64,EMP064,Employee64,Lead,password64,employee64@emp.com,8878666577,74.46
64,65,EMP065,Employee65,Manager,password65,employee65@emp.com,7804871039,58.64
65,66,EMP066,Employee66,QA,password66,employee66@emp.com,8317896761,60.09
66,67,EMP067,Employee67,Designer,password67,employee67@emp.com,7481098916,52.32
67,68,EMP068,Employee68,SDE1,password68,employee68@emp.com,7739440224,46.43
68,69,EMP069,Employee69,Designer,password69,employee69@emp.com,8924004277,66.27
69,70,EMP070,Employee70,SDE1,password70,employee70@emp.com,7396593985,70.76
70,71,EMP071,Employee71,QA,password71,employee71@emp.com,8919457476,59.72
71,72,EMP072,Employee72,Lead,password72,employee72@emp.com,8002933763,75.44
72,73,EMP073,Employee73,SDE1,password73,employee73@emp.com,9139196463,48.25
73,74,EMP074,Employee74,QA,password74,employee74@emp.com,9911828255,30.81
74,75,EMP075,Employee75,Manager,password75,employee75@emp.com,7192742164,67.46
75,76,EMP076,Employee76,QA,password76,employee76@emp.com,9429723425,93.75
76,77,EMP077,Employee77,SDE2,password77,employee77@emp.com,9827550194,51.48
77,78,EMP078,Employee78,Lead,password78,employee78@emp.com,9830501822,64.65
78,79,EMP079,Employee79,HR,password79,employee79@emp.com,9006904798,51.02
79,80,EMP080,Employee80,Lead,password80,employee80@emp.com,7418886123,38.74
80,81,EMP081,Employee81,SDE1,password81,employee81@emp.com,7398126179,27.04
81,82,EMP082,Employee82,SDE1,password82,employee82@emp.com,7212035930,67.48
82,83,EMP083,Employee83,SDE1,password83,employee83@emp.com,8428120889,25.22
83,84,EMP084,Employee84,SDE1,password84,employee84@emp.com,8683376399,45.08
84,85,EMP085,Employee85,SDE1,password85,employee85@emp.com,8071006225,65.02
85,86,EMP086,Employee86,Manager,password86,employee86@emp.com,9698743176,45.47
86,87,EMP087,Employee87,DevOps,password87,employee87@emp.com,8313554292,23.31
87,88,EMP088,Employee88,HR,password88,employee88@emp.com,9407319486,44.4
88,89,EMP089,Employee89,SDE1,password89,employee89@emp.com,8802069691,49.6
89,90,EMP090,Employee90,DevOps,password90,employee90@emp.com,9089123580,0.0
90,91,EMP091,Employee91,DevOps,password91,employee91@emp.com,7743476545,66.07
91,92,EMP092,Employee92,Lead,password92,employee92@emp.com,8884470222,47.04
92,93,EMP093,Employee93,QA,password93,employee93@emp.com,7996486568,51.75
93,94,EMP094,Employee94,SDE2,password94,employee94@emp.com,7425878502,57.2
94,95,EMP095,Employee95,Designer,password95,employee95@emp.com,8797961506,43.2
95,96,EMP096,Employee96,SDE1,password96,employee96@emp.com,8810356802,45.32
96,97,EMP097,Employee97,QA,password97,employee97@emp.com,9313863806,47.58
97,98,EMP098,Employee98,HR,password98,employee98@emp.com,9576816876,25.77
98,99,EMP099,Employee99,HR,password99,employee99@emp.com,8310176433,37.93
99,100,EMP100,Employee100,QA,password100,employee100@emp.com,8463943061,61.09
100,101,EMP101,Employee101,HR,password101,employee101@emp.com,7620307605,60.71
101,102,EMP102,Employee102,Lead,password102,employee102@emp.com,8593370239,43.94
102,103,EMP103,Employee103,DevOps,password103,employee103@emp.com,7272397292,80.25
103,104,EMP104,Employee104,SDE2,password104,employee104@emp.com,7920931534,66.62
104,105,EMP105,Employee105,HR,password105,employee105@emp.com,9248422176,50.57
105,106,EMP106,Employee106,QA,password106,employee106@emp.com,7111440449,60.76
106,107,EMP107,Employee107,QA,password107,employee107@emp.com,8911605700,31.35
107,108,EMP108,Employee108,Designer,password108,employee108@emp.com,8008526580,32.14
108,109,EMP109,Employee109,Designer,password109,employee109@emp.com,7565987486,56.84
109,110,EMP110,Employee110,Manager,password110,employee110@emp.com,8518170066,21.98
110,111,EMP111,Employee111,SDE2,password111,employee111@emp.com,9455485246,65.43
111,112,EMP112,Employee112,SDE2,password112,employee112@emp.com,7650979133,80.94
112,113,EMP113,Employee113,SDE2,password113,employee113@emp.com,8105302040,31.2
113,114,EMP114,Employee114,DevOps,password114,employee114@emp.com,7302412910,57.94
114,115,EMP115,Employee115,HR,password115,employee115@emp.com,8910623988,25.63
115,116,EMP116,Employee116,DevOps,password116,employee116@emp.com,9874995040,33.54
116,117,EMP117,Employee117,Manager,password117,employee117@emp.com,7670969284,45.01
117,118,EMP118,Employee118,Lead,password118,employee118@emp.com,7477822001,52.27
118,119,EMP119,Employee119,SDE2,password119,employee119@emp.com,8703735562,52.6
119,120,EMP120,Employee120,DevOps,password120,employee120@emp.com,8163075675,45.22
120,121,EMP121,Employee121,SDE2,password121,employee121@emp.com,9074159244,80.43
121,122,EMP122,Employee122,Manager,password122,employee122@emp.com,8252878322,40.05
122,123,EMP123,Employee123,Lead,password123,employee123@emp.com,7034030194,50.12
123,124,EMP124,Employee124,Manager,password124,employee124@emp.com,7382250136,43.58
124,125,EMP125,Employee125,Designer,password125,employee125@emp.com,7195412155,57.37
125,126,EMP126,Employee126,Manager,password126,employee126@emp.com,7492004583,57.42
126,127,EMP127,Employee127,Lead,password127,employee127@emp.com,8827938071,37.35
127,128,EMP128,Employee128,QA,password128,employee128@emp.com,8414266037,65.94
128,129,EMP129,Employee129,DevOps,password129,employee129@emp.com,8291927295,82.87
129,130,EMP130,Employee130,SDE1,password130,employee130@emp.com,9791447574,40.08
130,131,EMP131,Employee131,QA,password131,employee131@emp.com,9368852052,44.4
131,132,EMP132,Employee132,Manager,password132,employee132@emp.com,9319591131,51.82
132,133,EMP133,Employee133,Designer,password133,employee133@emp.com,9922183985,54.52
133,134,EMP134,Employee134,HR,password134,employee134@emp.com,8540137540,47.47
134,135,EMP135,Employee135,Manager,password135,employee135@emp.com,9240967076,31.3
135,136,EMP136,Employee136,SDE1,password136,employee136@emp.com,9214199180,71.52
136,137,EMP137,Employee137,Lead,password137,employee137@emp.com,7218116063,31.42
137,138,EMP138,Employee138,DevOps,password138,employee138@emp.com,8531041105,13.74
138,139,EMP139,Employee139,QA,password139,employee139@emp.com,8341112207,71.02
139,140,EMP140,Employee140,Lead,password140,employee140@emp.com,8027036601,32.85
140,141,EMP141,Employee141,Designer,password141,employee141@emp.com,8195405659,30.43
141,142,EMP142,Employee142,SDE2,password142,employee142@emp.com,8592849360,34.59
142,143,EMP143,Employee143,QA,password143,employee143@emp.com,7019133642,81.97
143,144,EMP144,Employee144,SDE2,password144,employee144@emp.com,8761078447,44.45
144,145,EMP145,Employee145,SDE2,password145,employee145@emp.com,7334286981,52.25
145,146,EMP146,Employee146,Lead,password146,employee146@emp.com,7040396253,40.72
146,147,EMP147,Employee147,HR,password147,employee147@emp.com,9839313498,37.31
147,148,EMP148,Employee148,Lead,password148,employee148@emp.com,8106863982,54.71
148,149,EMP149,Employee149,SDE2,password149,employee149@emp.com,8124970341,32.49
149,150,EMP150,Employee150,DevOps,password150,employee150@emp.com,9387204113,45.35
150,151,EMP151,Employee151,Manager,password151,employee151@emp.com,7048996634,55.54
151,152,EMP152,Employee152,HR,password152,employee152@emp.com,9146095316,51.14
152,153,EMP153,Employee153,HR,password153,employee153@emp.com,7275454652,65.31
153,154,EMP154,Employee154,QA,password154,employee154@emp.com,9970811214,20.49
154,155,EMP155,Employee155,HR,password155,employee155@emp.com,8185331147,54.56
155,156,EMP156,Employee156,DevOps,password156,employee156@emp.com,8305616695,10.48
156,157,EMP157,Employee157,QA,password157,employee157@emp.com,8916351496,52.12
157,158,EMP158,Employee158,Lead,password158,employee158@emp.com,8518477833,94.9
158,159,EMP159,Employee159,QA,password159,employee159@emp.com,7957481297,54.35
159,160,EMP160,Employee160,Designer,password160,employee160@emp.com,9390705400,27.42
160,161,EMP161,Employee161,HR,password161,employee161@emp.com,8373721663,47.38
161,162,EMP162,Employee162,Lead,password162,employee162@emp.com,7392089569,59.13
162,163,EMP163,Employee163,SDE2,password163,employee163@emp.com,7043093536,40.07
163,164,EMP164,Employee164,Designer,password164,employee164@emp.com,7330518448,47.4
164,165,EMP165,Employee165,Lead,password165,employee165@emp.com,8966537771,35.8
165,166,EMP166,Employee166,SDE1,password166,employee166@emp.com,7722520588,64.63
166,167,EMP167,Employee167,SDE2,password167,employee167@emp.com,8245894603,33.32
167,168,EMP168,Employee168,DevOps,password168,employee168@emp.com,7017126402,56.85
168,169,EMP169,Employee169,SDE2,password169,employee169@emp.com,7898365363,58.46
169,170,EMP170,Employee170,SDE2,password170,employee170@emp.com,9302701486,41.65
170,171,EMP171,Employee171,DevOps,password171,employee171@emp.com,9289053379,51.99
171,172,EMP172,Employee172,Designer,password172,employee172@emp.com,9918312683,55.45
172,173,EMP173,Employee173,SDE1,password173,employee173@emp.com,7635554119,49.05
173,174,EMP174,Employee174,SDE1,password174,employee174@emp.com,7134544711,63.4
174,175,EMP175,Employee175,SDE1,password175,employee175@emp.com,8325525402,74.53
175,176,EMP176,Employee176,SDE1,password176,employee176@emp.com,9869732241,42.32
176,177,EMP177,Employee177,Lead,password177,employee177@emp.com,9366056228,57.78
177,178,EMP178,Employee178,DevOps,password178,employee178@emp.com,7847015131,68.16
178,179,EMP179,Employee179,HR,password179,employee179@emp.com,8567811085,78.56
179,180,EMP180,Employee180,Manager,password180,employee180@emp.com,8895551860,58.59
180,181,EMP181,Employee181,SDE1,password181,employee181@emp.com,7952239456,33.44
181,182,EMP182,Employee182,SDE2,password182,employee182@emp.com,9855962298,30.73
182,183,EMP183,Employee183,SDE2,password183,employee183@emp.com,9551676816,76.51
183,184,EMP184,Employee184,SDE1,password184,employee184@emp.com,8838293336,41.46
184,185,EMP185,Employee185,Designer,password185,employee185@emp.com,9674630847,51.52
185,186,EMP186,Employee186,DevOps,password186,employee186@emp.com,7887606703,38.87
186,187,EMP187,Employee187,DevOps,password187,employee187@emp.com,9384279230,58.12
187,188,EMP188,Employee188,HR,password188,employee188@emp.com,8911254415,16.99
188,189,EMP189,Employee189,HR,password189,employee189@emp.com,7015754163,71.51
189,190,EMP190,Employee190,Manager,password190,employee190@emp.com,7032393698,53.78
190,191,EMP191,Employee191,DevOps,password191,employee191@emp.com,7877481314,71.64
191,192,EMP192,Employee192,HR,password192,employee192@emp.com,8216355263,36.73
192,193,EMP193,Employee193,QA,password193,employee193@emp.com,8666376135,12.96
193,194,EMP194,Employee194,HR,password194,employee194@emp.com,8210514380,64.63
194,195,EMP195,Employee195,DevOps,password195,employee195@emp.com,9751891775,51.36
195,196,EMP196,Employee196,Lead,password196,employee196@emp.com,9334807542,87.68
196,197,EMP197,Employee197,Manager,password197,employee197@emp.com,8797595562,45.53
197,198,EMP198,Employee198,HR,password198,employee198@emp.com,7526260870,69.1
198,199,EMP199,Employee199,SDE1,password199,employee199@emp.com,7639594676,51.72
199,200,EMP200,Employee200,QA,password200,employee200@emp.com,8401114419,68.08
200,201,EMP201,Employee201,Designer,password201,employee201@emp.com,9325970674,50.52
201,202,EMP202,Employee202,DevOps,password202,employee202@emp.com,7336742517,57.27
202,203,EMP203,Employee203,DevOps,password203,employee203@emp.com,7281367456,40.58
203,204,EMP204,Employee204,Designer,password204,employee204@emp.com,7913271379,94.29
204,205,EMP205,Employee205,HR,password205,employee205@emp.com,9682411443,40.3
205,206,EMP206,Employee206,Lead,password206,employee206@emp.com,7679541061,51.73
206,207,EMP207,Employee207,SDE1,password207,employee207@emp.com,8533226104,0.0
207,208,EMP208,Employee208,DevOps,password208,employee208@emp.com,8448324800,50.12
208,209,EMP209,Employee209,Manager,password209,employee209@emp.com,8037546037,67.83
209,210,EMP210,Employee210,Designer,password210,employee210@emp.com,9672058683,55.75
210,211,EMP211,Employee211,QA,password211,employee211@emp.com,8160574670,30.04
211,212,EMP212,Employee212,SDE2,password212,employee212@emp.com,8249027440,57.55
212,213,EMP213,Employee213,SDE1,password213,employee213@emp.com,7958983440,45.96
213,214,EMP214,Employee214,SDE2,password214,employee214@emp.com,7050507083,65.49
214,215,EMP215,Employee215,SDE2,password215,employee215@emp.com,9478983997,63.63
215,216,EMP216,Employee216,QA,password216,employee216@emp.com,9220820103,60.32
216,217,EMP217,Employee217,Manager,password217,employee217@emp.com,8144992586,21.19
217,218,EMP218,Employee218,Designer,password218,employee218@emp.com,8338135313,58.09
218,219,EMP219,Employee219,DevOps,password219,employee219@emp.com,9369221346,49.74
219,220,EMP220,Employee220,QA,password220,employee220@emp.com,7565723711,59.6
220,221,EMP221,Employee221,Designer,password221,employee221@emp.com,9380415972,68.98
221,222,EMP222,Employee222,Lead,password222,employee222@emp.com,9650780290,50.9
222,223,EMP223,Employee223,HR,password223,employee223@emp.com,8026728725,66.37
223,224,EMP224,Employee224,HR,password224,employee224@emp.com,7114912696,85.15
224,225,EMP225,Employee225,Designer,password225,employee225@emp.com,8736422998,0.0
225,226,EMP226,Employee226,Lead,password226,employee226@emp.com,7414318068,18.2
226,227,EMP227,Employee227,SDE2,password227,employee227@emp.com,7685504570,60.38
227,228,EMP228,Employee228,HR,password228,employee228@emp.com,9271790226,52.31
228,229,EMP229,Employee229,DevOps,password229,employee229@emp.com,9277435131,42.76
229,230,EMP230,Employee230,Designer,password230,employee230@emp.com,9750907956,5.43
230,231,EMP231,Employee231,HR,password231,employee231@emp.com,9798912122,54.38
231,232,EMP232,Employee232,HR,password232,employee232@emp.com,8882643705,35.81
232,233,EMP233,Employee233,SDE1,password233,employee233@emp.com,9459562981,48.66
233,234,EMP234,Employee234,SDE1,password234,employee234@emp.com,7062112623,46.64
234,235,EMP235,Employee235,Lead,password235,employee235@emp.com,9093331089,61.28
235,236,EMP236,Employee236,QA,password236,employee236@emp.com,9980332572,44.36
236,237,EMP237,Employee237,SDE2,password237,employee237@emp.com,9088586937,52.42
237,238,EMP238,Employee238,QA,password238,employee238@emp.com,9493691224,62.39
238,239,EMP239,Employee239,Manager,password239,employee239@emp.com,9583641079,45.96
239,240,EMP240,Employee240,Lead,password240,employee240@emp.com,7245499084,59.54
240,241,EMP241,Employee241,Designer,password241,employee241@emp.com,8236240455,49.59
241,242,EMP242,Employee242,DevOps,password242,employee242@emp.com,9695334631,58.46
242,243,EMP243,Employee243,Designer,password243,employee243@emp.com,8907933936,51.64
243,244,EMP244,Employee244,Lead,password244,employee244@emp.com,7809811188,45.17
244,245,EMP245,Employee245,Lead,password245,employee245@emp.com,8998292798,15.18
245,246,EMP246,Employee246,SDE2,password246,employee246@emp.com,7817325992,61.83
246,247,EMP247,Employee247,DevOps,password247,employee247@emp.com,8476015605,49.14
247,248,EMP248,Employee248,QA,password248,employee248@emp.com,9134342319,36.56
248,249,EMP249,Employee249,DevOps,password249,employee249@emp.com,8592092686,55.21
249,250,EMP250,Employee250,HR,password250,employee250@emp.com,9330926286,44.76
250,251,EMP251,Employee251,Manager,password251,employee251@emp.com,9136025383,44.85
251,252,EMP252,Employee252,Manager,password252,employee252@emp.com,9005604793,54.62
252,253,EMP253,Employee253,SDE2,password253,employee253@emp.com,9386310968,64.61
253,254,EMP254,Employee254,SDE2,password254,employee254@emp.com,7467987923,31.4
254,255,EMP255,Employee255,Designer,password255,employee255@emp.com,9456512096,34.42
255,256,EMP256,Employee256,Lead,password256,employee256@emp.com,7050381078,59.68
256,257,EMP257,Employee257,SDE2,password257,employee257@emp.com,8902782237,30.5
257,258,EMP258,Employee258,DevOps,password258,employee258@emp.com,9007687636,55.02
258,259,EMP259,Employee259,SDE2,password259,employee259@emp.com,8743668581,82.52
259,260,EMP260,Employee260,HR,password260,employee260@emp.com,9029771915,25.1
260,261,EMP261,Employee261,Manager,password261,employee261@emp.com,9900694753,66.03
261,262,EMP262,Employee262,Designer,password262,employee262@emp.com,8127885555,35.86
262,263,EMP263,Employee263,DevOps,password263,employee263@emp.com,8232996720,35.19
263,264,EMP264,Employee264,DevOps,password264,employee264@emp.com,7115810513,20.82
264,265,EMP265,Employee265,Designer,password265,employee265@emp.com,8751195118,60.75
265,266,EMP266,Employee266,Designer,password266,employee266@emp.com,8355263899,44.58
266,267,EMP267,Employee267,SDE2,password267,employee267@emp.com,8019973399,67.4
267,268,EMP268,Employee268,Designer,password268,employee268@emp.com,7810790973,61.61
268,269,EMP269,Employee269,Manager,password269,employee269@emp.com,7471874567,53.62
269,270,EMP270,Employee270,SDE2,password270,employee270@emp.com,8552134841,59.72
270,271,EMP271,Employee271,SDE1,password271,employee271@emp.com,8964244545,44.5
271,272,EMP272,Employee272,HR,password272,employee272@emp.com,7377750176,47.94
272,273,EMP273,Employee273,Lead,password273,employee273@emp.com,9059934701,23.28
273,274,EMP274,Employee274,DevOps,password274,employee274@emp.com,7511451251,17.5
274,275,EMP275,Employee275,QA,password275,employee275@emp.com,8169414848,22.74
275,276,EMP276,Employee276,DevOps,password276,employee276@emp.com,9303759331,21.79
276,277,EMP277,Employee277,Manager,password277,employee277@emp.com,9701550807,47.76
277,278,EMP278,Employee278,Lead,password278,employee278@emp.com,7366955354,39.78
278,279,EMP279,Employee279,Lead,password279,employee279@emp.com,8236550590,24.54
279,280,EMP280,Employee280,Designer,password280,employee280@emp.com,8145299414,64.26
280,281,EMP281,Employee281,DevOps,password281,employee281@emp.com,8816693125,44.07
281,282,EMP282,Employee282,Manager,password282,employee282@emp.com,9699277891,29.67
282,283,EMP283,Employee283,QA,password283,employee283@emp.com,8069797851,37.44
283,284,EMP284,Employee284,QA,password284,employee284@emp.com,7272839339,57.36
284,285,EMP285,Employee285,SDE1,password285,employee285@emp.com,8219946854,66.14
285,286,EMP286,Employee286,Manager,password286,employee286@emp.com,7182366609,40.84
286,287,EMP287,Employee287,SDE2,password287,employee287@emp.com,8354235905,42.83
287,288,EMP288,Employee288,QA,password288,employee288@emp.com,9462128006,38.7
288,289,EMP289,Employee289,Designer,password289,employee289@emp.com,7291873552,52.49
289,290,EMP290,Employee290,QA,password290,employee290@emp.com,8060173593,81.99
290,291,EMP291,Employee291,SDE1,password291,employee291@emp.com,7870148323,70.12
291,292,EMP292,Employee292,SDE1,password292,employee292@emp.com,8029936159,34.69
292,293,EMP293,Employee293,SDE1,password293,employee293@emp.com,8129142492,41.79
293,294,EMP294,Employee294,SDE2,password294,employee294@emp.com,8599291555,62.41
294,295,EMP295,Employee295,HR,password295,employee295@emp.com,8313666352,32.9
295,296,EMP296,Employee296,SDE2,password296,employee296@emp.com,7521719787,80.13
296,297,EMP297,Employee297,Designer,password297,employee297@emp.com,7154001858,56.95
297,298,EMP298,Employee298,Lead,password298,employee298@emp.com,8734258520,59.59
298,299,EMP299,Employee299,Designer,password299,employee299@emp.com,8389640214,39.86
299,300,EMP300,Employee300,SDE2,password300,employee300@emp.com,9640478053,23.47
300,301,EMP301,Employee301,SDE2,password301,employee301@emp.com,9000065919,34.07
301,302,EMP302,Employee302,DevOps,password302,employee302@emp.com,8899832180,64.84
302,303,EMP303,Employee303,SDE1,password303,employee303@emp.com,8296442728,34.55
303,304,EMP304,Employee304,SDE1,password304,employee304@emp.com,7459974862,58.72
304,305,EMP305,Employee305,Lead,password305,employee305@emp.com,7876219171,50.05
305,306,EMP306,Employee306,DevOps,password306,employee306@emp.com,9006717816,39.07
306,307,EMP307,Employee307,HR,password307,employee307@emp.com,8572329131,49.02
307,308,EMP308,Employee308,QA,password308,employee308@emp.com,8354609727,61.99
308,309,EMP309,Employee309,Designer,password309,employee309@emp.com,8095222542,46.7
309,310,EMP310,Employee310,Lead,password310,employee310@emp.com,8074040089,58.63
310,311,EMP311,Employee311,SDE2,password311,employee311@emp.com,8796143768,65.58
311,312,EMP312,Employee312,QA,password312,employee312@emp.com,9005852389,29.4
312,313,EMP313,Employee313,HR,password313,employee313@emp.com,9836278810,54.84
313,314,EMP314,Employee314,DevOps,password314,employee314@emp.com,9984071943,54.14
314,315,EMP315,Employee315,HR,password315,employee315@emp.com,8707147598,53.67
315,316,EMP316,Employee316,QA,password316,employee316@emp.com,7311225527,41.8
316,317,EMP317,Employee317,DevOps,password317,employee317@emp.com,7230047420,73.95
317,318,EMP318,Employee318,Lead,password318,employee318@emp.com,7241793741,58.11
318,319,EMP319,Employee319,HR,password319,employee319@emp.com,7049972746,51.41
319,320,EMP320,Employee320,Lead,password320,employee320@emp.com,9797843914,55.28
320,321,EMP321,Employee321,Lead,password321,employee321@emp.com,8302217362,71.66
321,322,EMP322,Employee322,HR,password322,employee322@emp.com,7200526629,50.59
322,323,EMP323,Employee323,SDE1,password323,employee323@emp.com,8567408068,69.45
323,324,EMP324,Employee324,Manager,password324,employee324@emp.com,9814420867,47.26
324,325,EMP325,Employee325,HR,password325,employee325@emp.com,8546284029,35.85
325,326,EMP326,Employee326,Designer,password326,employee326@emp.com,7862794178,63.77
326,327,EMP327,Employee327,SDE1,password327,employee327@emp.com,9110086174,40.06
327,328,EMP328,Employee328,SDE2,password328,employee328@emp.com,9626019382,69.39
328,329,EMP329,Employee329,DevOps,password329,employee329@emp.com,9639642354,64.11
329,330,EMP330,Employee330,DevOps,password330,employee330@emp.com,8259380483,75.05
330,331,EMP331,Employee331,SDE1,password331,employee331@emp.com,8036427726,30.34
331,332,EMP332,Employee332,DevOps,password332,employee332@emp.com,9969204604,61.25
332,333,EMP333,Employee333,SDE2,password333,employee333@emp.com,8029200707,42.41
333,334,EMP334,Employee334,Designer,password334,employee334@emp.com,8396791904,61.52
334,335,EMP335,Employee335,Lead,password335,employee335@emp.com,8910075098,64.37
335,336,EMP336,Employee336,SDE1,password336,employee336@emp.com,8878309921,53.74
336,337,EMP337,Employee337,Designer,password337,employee337@emp.com,9890487285,43.08
337,338,EMP338,Employee338,Manager,password338,employee338@emp.com,9509934729,57.36
338,339,EMP339,Employee339,DevOps,password339,employee339@emp.com,9864776791,57.74
339,340,EMP340,Employee340,HR,password340,employee340@emp.com,7193899396,54.47
340,341,EMP341,Employee341,Manager,password341,employee341@emp.com,9322643856,24.79
341,342,EMP342,Employee342,SDE1,password342,employee342@emp.com,9246180847,51.29
342,343,EMP343,Employee343,SDE2,password343,employee343@emp.com,8165258935,52.95
343,344,EMP344,Employee344,Lead,password344,employee344@emp.com,7749897205,27.68
344,345,EMP345,Employee345,QA,password345,employee345@emp.com,8579030521,40.31
345,346,EMP346,Employee346,Manager,password346,employee346@emp.com,7294927411,64.3
346,347,EMP347,Employee347,QA,password347,employee347@emp.com,9131240377,41.06
347,348,EMP348,Employee348,SDE1,password348,employee348@emp.com,7934889728,55.76
348,349,EMP349,Employee349,DevOps,password349,employee349@emp.com,9750428236,25.56
349,350,EMP350,Employee350,SDE1,password350,employee350@emp.com,7703012399,43.29
350,351,EMP351,Employee351,Designer,password351,employee351@emp.com,9145521441,39.76
351,352,EMP352,Employee352,HR,password352,employee352@emp.com,7395008067,42.07
352,353,EMP353,Employee353,Lead,password353,employee353@emp.com,8977304569,64.08
353,354,EMP354,Employee354,QA,password354,employee354@emp.com,7747093391,73.81
354,355,EMP355,Employee355,SDE2,password355,employee355@emp.com,8175991288,47.68
355,356,EMP356,Employee356,SDE2,password356,employee356@emp.com,7518194607,28.36
356,357,EMP357,Employee357,SDE1,password357,employee357@emp.com,9392283986,55.11
357,358,EMP358,Employee358,Lead,password358,employee358@emp.com,7578932286,78.99
358,359,EMP359,Employee359,Manager,password359,employee359@emp.com,8424476387,54.53
359,360,EMP360,Employee360,DevOps,password360,employee360@emp.com,7900178851,38.57
360,361,EMP361,Employee361,Lead,password361,employee361@emp.com,9023141539,51.54
361,362,EMP362,Employee362,QA,password362,employee362@emp.com,9550261083,55.45
362,363,EMP363,Employee363,SDE1,password363,employee363@emp.com,7871093607,42.44
363,364,EMP364,Employee364,QA,password364,employee364@emp.com,7715107128,66.15
364,365,EMP365,Employee365,SDE2,password365,employee365@emp.com,9910041510,69.6
365,366,EMP366,Employee366,Designer,password366,employee366@emp.com,7992106379,58.02
366,367,EMP367,Employee367,Designer,password367,employee367@emp.com,7768432097,48.52
367,368,EMP368,Employee368,Designer,password368,employee368@emp.com,7229967652,68.0
368,369,EMP369,Employee369,SDE1,password369,employee369@emp.com,7441862666,45.3
369,370,EMP370,Employee370,SDE1,password370,employee370@emp.com,8489545984,46.96
370,371,EMP371,Employee371,DevOps,password371,employee371@emp.com,7822051565,21.41
371,372,EMP372,Employee372,DevOps,password372,employee372@emp.com,7363950150,39.55
372,373,EMP373,Employee373,HR,password373,employee373@emp.com,7574624792,76.55
373,374,EMP374,Employee374,QA,password374,employee374@emp.com,8657836822,26.77
374,375,EMP375,Employee375,SDE2,password375,employee375@emp.com,7793021745,57.76
375,376,EMP376,Employee376,DevOps,password376,employee376@emp.com,7793641767,60.47
376,377,EMP377,Employee377,DevOps,password377,employee377@emp.com,7315737896,65.61
377,378,EMP378,Employee378,SDE1,password378,employee378@emp.com,8911071166,20.19
378,379,EMP379,Employee379,DevOps,password379,employee379@emp.com,8559453644,64.64
379,380,EMP380,Employee380,SDE1,password380,employee380@emp.com,7047456341,41.18
380,381,EMP381,Employee381,QA,password381,employee381@emp.com,9818242900,55.23
381,382,EMP382,Employee382,DevOps,password382,employee382@emp.com,8570840238,23.45
382,383,EMP383,Employee383,SDE2,password383,employee383@emp.com,7400213014,40.06
383,384,EMP384,Employee384,HR,password384,employee384@emp.com,7020858182,53.32
384,385,EMP385,Employee385,SDE1,password385,employee385@emp.com,7035030724,63.83
385,386,EMP386,Employee386,Designer,password386,employee386@emp.com,8414164215,8.31
386,387,EMP387,Employee387,Manager,password387,employee387@emp.com,9601876952,54.53
387,388,EMP388,Employee388,QA,password388,employee388@emp.com,7719459068,52.86
388,389,EMP389,Employee389,SDE1,password389,employee389@emp.com,9371285026,59.67
389,390,EMP390,Employee390,SDE2,password390,employee390@emp.com,8386538045,93.87
390,391,EMP391,Employee391,SDE2,password391,employee391@emp.com,8645605716,42.02
391,392,EMP392,Employee392,SDE2,password392,employee392@emp.com,7383641927,43.54
392,393,EMP393,Employee393,QA,password393,employee393@emp.com,9084899777,87.34
393,394,EMP394,Employee394,DevOps,password394,employee394@emp.com,8799851609,47.97
394,395,EMP395,Employee395,HR,password395,employee395@emp.com,8327352197,2.69
395,396,EMP396,Employee396,HR,password396,employee396@emp.com,9518190912,53.86
396,397,EMP397,Employee397,Manager,password397,employee397@emp.com,9458784277,52.33
397,398,EMP398,Employee398,Manager,password398,employee398@emp.com,7635411050,71.06
398,399,EMP399,Employee399,DevOps,password399,employee399@emp.com,8957815161,54.47
399,400,EMP400,Employee400,SDE2,password400,employee400@emp.com,7330681261,49.54
400,401,EMP401,Employee401,Manager,password401,employee401@emp.com,9249963126,65.83
401,402,EMP402,Employee402,SDE2,password402,employee402@emp.com,9365475057,42.66
402,403,EMP403,Employee403,Lead,password403,employee403@emp.com,7614534143,58.05
403,404,EMP404,Employee404,Manager,password404,employee404@emp.com,7619070105,71.69
404,405,EMP405,Employee405,SDE1,password405,employee405@emp.com,7644192979,85.51
405,406,EMP406,Employee406,Lead,password406,employee406@emp.com,8410289252,50.32
406,407,EMP407,Employee407,SDE1,password407,employee407@emp.com,8532046207,28.48
407,408,EMP408,Employee408,QA,password408,employee408@emp.com,7772347521,84.93
408,409,EMP409,Employee409,SDE2,password409,employee409@emp.com,8512027812,56.17
409,410,EMP410,Employee410,Manager,password410,employee410@emp.com,7009057298,56.6
410,411,EMP411,Employee411,Designer,password411,employee411@emp.com,7566262660,48.14
411,412,EMP412,Employee412,SDE2,password412,employee412@emp.com,7920068929,12.43
412,413,EMP413,Employee413,DevOps,password413,employee413@emp.com,8930341477,42.43
413,414,EMP414,Employee414,Manager,password414,employee414@emp.com,8368919509,54.81
414,415,EMP415,Employee415,Lead,password415,employee415@emp.com,7605420071,36.97
415,416,EMP416,Employee416,Lead,password416,employee416@emp.com,8917087619,51.99
416,417,EMP417,Employee417,SDE1,password417,employee417@emp.com,8670829541,13.14
417,418,EMP418,Employee418,Designer,password418,employee418@emp.com,9592389174,48.82
418,419,EMP419,Employee419,Lead,password419,employee419@emp.com,8184363886,65.09
419,420,EMP420,Employee420,HR,password420,employee420@emp.com,9062153730,63.07
420,421,EMP421,Employee421,Lead,password421,employee421@emp.com,8523232901,55.43
421,422,EMP422,Employee422,HR,password422,employee422@emp.com,8877304277,62.42
422,423,EMP423,Employee423,Designer,password423,employee423@emp.com,9021804672,47.97
423,424,EMP424,Employee424,QA,password424,employee424@emp.com,7638856235,0.0
424,425,EMP425,Employee425,HR,password425,employee425@emp.com,7952132933,68.32
425,426,EMP426,Employee426,SDE2,password426,employee426@emp.com,9052595544,57.13
426,427,EMP427,Employee427,DevOps,password427,employee427@emp.com,7726924112,33.83
427,428,EMP428,Employee428,DevOps,password428,employee428@emp.com,7133885875,49.42
428,429,EMP429,Employee429,Manager,password429,employee429@emp.com,8449646445,45.88
429,430,EMP430,Employee430,Lead,password430,employee430@emp.com,8957618354,46.15
430,431,EMP431,Employee431,SDE1,password431,employee431@emp.com,8812445753,43.61
431,432,EMP432,Employee432,Manager,password432,employee432@emp.com,9183200857,43.28
432,433,EMP433,Employee433,SDE2,password433,employee433@emp.com,7197269604,53.23
433,434,EMP434,Employee434,DevOps,password434,employee434@emp.com,7025039761,61.28
434,435,EMP435,Employee435,SDE1,password435,employee435@emp.com,9648295167,30.3
435,436,EMP436,Employee436,QA,password436,employee436@emp.com,9341657731,43.34
436,437,EMP437,Employee437,SDE2,password437,employee437@emp.com,7655921854,47.04
437,438,EMP438,Employee438,SDE2,password438,employee438@emp.com,9027085178,39.11
438,439,EMP439,Employee439,HR,password439,employee439@emp.com,8672195190,63.62
439,440,EMP440,Employee440,SDE1,password440,employee440@emp.com,9317459440,54.03
440,441,EMP441,Employee441,SDE1,password441,employee441@emp.com,8248582061,25.46
441,442,EMP442,Employee442,DevOps,password442,employee442@emp.com,8069106173,2.25
442,443,EMP443,Employee443,DevOps,password443,employee443@emp.com,9963020856,67.01
443,444,EMP444,Employee444,DevOps,password444,employee444@emp.com,9415372097,70.61
444,445,EMP445,Employee445,QA,password445,employee445@emp.com,7039794294,30.58
445,446,EMP446,Employee446,SDE2,password446,employee446@emp.com,7443632497,50.79
446,447,EMP447,Employee447,Designer,password447,employee447@emp.com,8166890537,29.9
447,448,EMP448,Employee448,Lead,password448,employee448@emp.com,7089285534,44.4
448,449,EMP449,Employee449,SDE1,password449,employee449@emp.com,7990347776,64.18
449,450,EMP450,Employee450,QA,password450,employee450@emp.com,8202623089,41.95
450,451,EMP451,Employee451,Designer,password451,employee451@emp.com,9565560893,48.19
451,452,EMP452,Employee452,SDE2,password452,employee452@emp.com,7936714395,67.59
452,453,EMP453,Employee453,QA,password453,employee453@emp.com,7455879353,62.4
453,454,EMP454,Employee454,SDE2,password454,employee454@emp.com,8570836264,38.2
454,455,EMP455,Employee455,SDE1,password455,employee455@emp.com,7430311390,43.48
455,456,EMP456,Employee456,SDE1,password456,employee456@emp.com,7152930182,71.84
456,457,EMP457,Employee457,Designer,password457,employee457@emp.com,8246212923,54.31
457,458,EMP458,Employee458,Lead,password458,employee458@emp.com,8712087881,40.45
458,459,EMP459,Employee459,SDE2,password459,employee459@emp.com,9306266123,35.19
459,460,EMP460,Employee460,Manager,password460,employee460@emp.com,9879513783,59.15
460,461,EMP461,Employee461,DevOps,password461,employee461@emp.com,8357300726,43.76
461,462,EMP462,Employee462,HR,password462,employee462@emp.com,9465147505,70.4
462,463,EMP463,Employee463,QA,password463,employee463@emp.com,7515888017,39.51
463,464,EMP464,Employee464,HR,password464,employee464@emp.com,7014843677,50.37
464,465,EMP465,Employee465,DevOps,password465,employee465@emp.com,7678806091,35.72
465,466,EMP466,Employee466,SDE1,password466,employee466@emp.com,7401346282,48.7
466,467,EMP467,Employee467,SDE2,password467,employee467@emp.com,7888593703,37.75
467,468,EMP468,Employee468,Designer,password468,employee468@emp.com,8189887291,62.38
468,469,EMP469,Employee469,Designer,password469,employee469@emp.com,8489254722,60.56
469,470,EMP470,Employee470,SDE1,password470,employee470@emp.com,8672490029,62.92
470,471,EMP471,Employee471,Manager,password471,employee471@emp.com,9509954142,68.12
471,472,EMP472,Employee472,HR,password472,employee472@emp.com,9273471023,76.16
472,473,EMP473,Employee473,SDE2,password473,employee473@emp.com,9442553603,71.62
473,474,EMP474,Employee474,Lead,password474,employee474@emp.com,7579254229,50.41
474,475,EMP475,Employee475,SDE2,password475,employee475@emp.com,9875087038,43.16
475,476,EMP476,Employee476,HR,password476,employee476@emp.com,8084146358,33.46
476,477,EMP477,Employee477,HR,password477,employee477@emp.com,8782642881,63.52
477,478,EMP478,Employee478,QA,password478,employee478@emp.com,8797680169,35.42
478,479,EMP479,Employee479,QA,password479,employee479@emp.com,7040971436,58.88
479,480,EMP480,Employee480,Lead,password480,employee480@emp.com,8012515126,68.62
480,481,EMP481,Employee481,Designer,password481,employee481@emp.com,8396236978,42.43
481,482,EMP482,Employee482,SDE1,password482,employee482@emp.com,8150413001,52.19
482,483,EMP483,Employee483,Designer,password483,employee483@emp.com,9808755267,48.84
483,484,EMP484,Employee484,HR,password484,employee484@emp.com,9034825379,19.29
484,485,EMP485,Employee485,DevOps,password485,employee485@emp.com,8637580562,39.91
485,486,EMP486,Employee486,SDE2,password486,employee486@emp.com,7595558490,34.4
486,487,EMP487,Employee487,SDE1,password487,employee487@emp.com,8322185130,54.48
487,488,EMP488,Employee488,Designer,password488,employee488@emp.com,9400539173,62.92
488,489,EMP489,Employee489,Designer,password489,employee489@emp.com,8540894868,33.06
489,490,EMP490,Employee490,SDE1,password490,employee490@emp.com,7506987898,64.05
490,491,EMP491,Employee491,SDE1,password491,employee491@emp.com,7435651819,54.76
491,492,EMP492,Employee492,HR,password492,employee492@emp.com,9794467777,43.57
492,493,EMP493,Employee493,SDE1,password493,employee493@emp.com,9346661859,43.23
493,494,EMP494,Employee494,Manager,password494,employee494@emp.com,8966339773,60.79
494,495,EMP495,Employee495,SDE2,password495,employee495@emp.com,8661505009,49.39
495,496,EMP496,Employee496,QA,password496,employee496@emp.com,8037849835,20.12
496,497,EMP497,Employee497,Manager,password497,employee497@emp.com,7514742671,46.75
497,498,EMP498,Employee498,HR,password498,employee498@emp.com,8867459709,47.78
498,499,EMP499,Employee499,Lead,password499,employee499@emp.com,8069526389,64.4
499,500,EMP500,Employee500,DevOps,password500,employee500@emp.com,8956036839,10.99
