empID,name,designation,password,email,mobile,performance_rate
EMP001,Employee1,Manager,password1,employee1@emp.com,7563583762,0
EMP002,Employee2,Manager,password2,employee2@emp.com,8896788018,0
EMP003,Employee3,SDE2,password3,employee3@emp.com,9746875033,0
EMP004,Employee4,HR,password4,employee4@emp.com,9410583851,0
EMP005,Employee5,DevOps,password5,employee5@emp.com,9683762003,0
EMP006,Employee6,Designer,password6,employee6@emp.com,7706163383,0
EMP007,Employee7,HR,password7,employee7@emp.com,9333060355,0
EMP008,Employee8,Manager,password8,employee8@emp.com,8593011093,0
EMP009,Employee9,Manager,password9,employee9@emp.com,8059839194,0
EMP010,Employee10,SDE1,password10,employee10@emp.com,7013552602,0
EMP011,Employee11,Designer,password11,employee11@emp.com,7248258499,0
EMP012,Employee12,Lead,password12,employee12@emp.com,9333110897,0
EMP013,Employee13,Lead,password13,employee13@emp.com,7439437162,0
EMP014,Employee14,DevOps,password14,employee14@emp.com,8467606929,0
EMP015,Employee15,SDE1,password15,employee15@emp.com,8981019347,0
EMP016,Employee16,Designer,password16,employee16@emp.com,8273301475,0
EMP017,Employee17,SDE1,password17,employee17@emp.com,8884260897,0
EMP018,Employee18,QA,password18,employee18@emp.com,9942738308,0
EMP019,Employee19,Lead,password19,employee19@emp.com,7165270899,0
EMP020,Employee20,Manager,password20,employee20@emp.com,9384953882,0
EMP021,Employee21,SDE2,password21,employee21@emp.com,7634821851,0
EMP022,Employee22,Manager,password22,employee22@emp.com,9792278076,0
EMP023,Employee23,DevOps,password23,employee23@emp.com,9598662327,0
EMP024,Employee24,Designer,password24,employee24@emp.com,7292126871,0
EMP025,Employee25,Manager,password25,employee25@emp.com,9391291535,0
EMP026,Employee26,SDE1,password26,employee26@emp.com,7732387917,0
EMP027,Employee27,HR,password27,employee27@emp.com,9333145289,0
EMP028,Employee28,SDE2,password28,employee28@emp.com,9086930842,0
EMP029,Employee29,Manager,password29,employee29@emp.com,8491073582,0
EMP030,Employee30,Lead,password30,employee30@emp.com,8185578816,0
EMP031,Employee31,SDE2,password31,employee31@emp.com,9862165929,0
EMP032,Employee32,SDE1,password32,employee32@emp.com,9496086145,0
EMP033,Employee33,SDE1,password33,employee33@emp.com,7542050597,0
EMP034,Employee34,Manager,password34,employee34@emp.com,9464240587,0
EMP035,Employee35,HR,password35,employee35@emp.com,8781027582,0
EMP036,Employee36,QA,password36,employee36@emp.com,8906740320,0
EMP037,Employee37,Lead,password37,employee37@emp.com,8728063853,0
EMP038,Employee38,SDE1,password38,employee38@emp.com,8984095998,0
EMP039,Employee39,SDE1,password39,employee39@emp.com,9739333490,0
EMP040,Employee40,HR,password40,employee40@emp.com,7846736521,0
EMP041,Employee41,SDE2,password41,employee41@emp.com,8696711017,0
EMP042,Employee42,Lead,password42,employee42@emp.com,7633844081,0
EMP043,Employee43,QA,password43,employee43@emp.com,8687936252,0
EMP044,Employee44,QA,password44,employee44@emp.com,9206230338,0
EMP045,Employee45,SDE2,password45,employee45@emp.com,8500650112,0
EMP046,Employee46,Manager,password46,employee46@emp.com,8859032730,0
EMP047,Employee47,DevOps,password47,employee47@emp.com,8917923100,0
EMP048,Employee48,Lead,password48,employee48@emp.com,9849057444,0
EMP049,Employee49,HR,password49,employee49@emp.com,9580618167,0
EMP050,Employee50,DevOps,password50,employee50@emp.com,8548341187,0
EMP051,Employee51,Manager,password51,employee51@emp.com,7813237788,0
EMP052,Employee52,Lead,password52,employee52@emp.com,7665898406,0
EMP053,Employee53,HR,password53,employee53@emp.com,9263035506,0
EMP054,Employee54,DevOps,password54,employee54@emp.com,7827683489,0
EMP055,Employee55,SDE1,password55,employee55@emp.com,8250032932,0
EMP056,Employee56,DevOps,password56,employee56@emp.com,8899801933,0
EMP057,Employee57,DevOps,password57,employee57@emp.com,7172347790,0
EMP058,Employee58,SDE1,password58,employee58@emp.com,7491497081,0
EMP059,Employee59,Designer,password59,employee59@emp.com,8883092651,0
EMP060,Employee60,Designer,password60,employee60@emp.com,9055861242,0
EMP061,Employee61,Lead,password61,employee61@emp.com,7191920245,0
EMP062,Employee62,Designer,password62,employee62@emp.com,7505106908,0
EMP063,Employee63,DevOps,password63,employee63@emp.com,9958471921,0
EMP064,Employee64,HR,password64,employee64@emp.com,9287163866,0
EMP065,Employee65,Manager,password65,employee65@emp.com,8165267463,0
EMP066,Employee66,SDE2,password66,employee66@emp.com,8943119823,0
EMP067,Employee67,Designer,password67,employee67@emp.com,7827565331,0
EMP068,Employee68,SDE2,password68,employee68@emp.com,7504206410,0
EMP069,Employee69,Lead,password69,employee69@emp.com,8499315369,0
EMP070,Employee70,SDE2,password70,employee70@emp.com,9499657335,0
EMP071,Employee71,Lead,password71,employee71@emp.com,9511426749,0
EMP072,Employee72,Designer,password72,employee72@emp.com,7169587231,0
EMP073,Employee73,QA,password73,employee73@emp.com,7872291638,0
EMP074,Employee74,Designer,password74,employee74@emp.com,7644071831,0
EMP075,Employee75,HR,password75,employee75@emp.com,8060609206,0
EMP076,Employee76,Manager,password76,employee76@emp.com,8532124215,0
EMP077,Employee77,SDE1,password77,employee77@emp.com,9740969493,0
EMP078,Employee78,Lead,password78,employee78@emp.com,8138725876,0
EMP079,Employee79,Lead,password79,employee79@emp.com,9237082880,0
EMP080,Employee80,DevOps,password80,employee80@emp.com,8234482246,0
EMP081,Employee81,SDE2,password81,employee81@emp.com,7250206445,0
EMP082,Employee82,Lead,password82,employee82@emp.com,8202526964,0
EMP083,Employee83,HR,password83,employee83@emp.com,8422144566,0
EMP084,Employee84,DevOps,password84,employee84@emp.com,8196518648,0
EMP085,Employee85,Manager,password85,employee85@emp.com,9581273271,0
EMP086,Employee86,QA,password86,employee86@emp.com,8180984124,0
EMP087,Employee87,Lead,password87,employee87@emp.com,9332576429,0
EMP088,Employee88,Manager,password88,employee88@emp.com,7122408047,0
EMP089,Employee89,SDE2,password89,employee89@emp.com,8627081292,0
EMP090,Employee90,SDE1,password90,employee90@emp.com,7097324355,0
EMP091,Employee91,SDE2,password91,employee91@emp.com,9045798774,0
EMP092,Employee92,Lead,password92,employee92@emp.com,8119370624,0
EMP093,Employee93,Manager,password93,employee93@emp.com,9552319132,0
EMP094,Employee94,SDE2,password94,employee94@emp.com,9678338217,0
EMP095,Employee95,Lead,password95,employee95@emp.com,7742800565,0
EMP096,Employee96,SDE1,password96,employee96@emp.com,9096434234,0
EMP097,Employee97,Designer,password97,employee97@emp.com,9487004678,0
EMP098,Employee98,QA,password98,employee98@emp.com,8854452179,0
EMP099,Employee99,Manager,password99,employee99@emp.com,8986437289,0
EMP100,Employee100,Manager,password100,employee100@emp.com,7625991455,0
EMP101,Employee101,Manager,password101,employee101@emp.com,7375080060,0
EMP102,Employee102,DevOps,password102,employee102@emp.com,9256827133,0
EMP103,Employee103,QA,password103,employee103@emp.com,9145864630,0
EMP104,Employee104,SDE1,password104,employee104@emp.com,7430899125,0
EMP105,Employee105,HR,password105,employee105@emp.com,9213780565,0
EMP106,Employee106,SDE1,password106,employee106@emp.com,7719373424,0
EMP107,Employee107,Manager,password107,employee107@emp.com,8568954142,0
EMP108,Employee108,Lead,password108,employee108@emp.com,7912031285,0
EMP109,Employee109,Lead,password109,employee109@emp.com,7218229267,0
EMP110,Employee110,DevOps,password110,employee110@emp.com,9829927052,0
EMP111,Employee111,Designer,password111,employee111@emp.com,9045332620,0
EMP112,Employee112,HR,password112,employee112@emp.com,8884521791,0
EMP113,Employee113,HR,password113,employee113@emp.com,8823430088,0
EMP114,Employee114,Designer,password114,employee114@emp.com,8534096376,0
EMP115,Employee115,SDE2,password115,employee115@emp.com,7325135080,0
EMP116,Employee116,QA,password116,employee116@emp.com,8516967566,0
EMP117,Employee117,DevOps,password117,employee117@emp.com,9978895367,0
EMP118,Employee118,SDE1,password118,employee118@emp.com,8177182108,0
EMP119,Employee119,QA,password119,employee119@emp.com,9844567996,0
EMP120,Employee120,QA,password120,employee120@emp.com,9488464363,0
EMP121,Employee121,DevOps,password121,employee121@emp.com,8534219547,0
EMP122,Employee122,Manager,password122,employee122@emp.com,9049344969,0
EMP123,Employee123,QA,password123,employee123@emp.com,7953512281,0
EMP124,Employee124,HR,password124,employee124@emp.com,8147722200,0
EMP125,Employee125,QA,password125,employee125@emp.com,9763233214,0
EMP126,Employee126,QA,password126,employee126@emp.com,7078546239,0
EMP127,Employee127,HR,password127,employee127@emp.com,8681332022,0
EMP128,Employee128,Manager,password128,employee128@emp.com,8122644222,0
EMP129,Employee129,Designer,password129,employee129@emp.com,7799546101,0
EMP130,Employee130,HR,password130,employee130@emp.com,7196673216,0
EMP131,Employee131,Designer,password131,employee131@emp.com,9887113654,0
EMP132,Employee132,SDE1,password132,employee132@emp.com,7107072036,0
EMP133,Employee133,HR,password133,employee133@emp.com,9380730079,0
EMP134,Employee134,Lead,password134,employee134@emp.com,9639425093,0
EMP135,Employee135,DevOps,password135,employee135@emp.com,9087769282,0
EMP136,Employee136,HR,password136,employee136@emp.com,9033794183,0
EMP137,Employee137,Designer,password137,employee137@emp.com,8965205948,0
EMP138,Employee138,HR,password138,employee138@emp.com,7939013811,0
EMP139,Employee139,Manager,password139,employee139@emp.com,7104576707,0
EMP140,Employee140,Designer,password140,employee140@emp.com,7579628731,0
EMP141,Employee141,QA,password141,employee141@emp.com,9611931269,0
EMP142,Employee142,Manager,password142,employee142@emp.com,9128330744,0
EMP143,Employee143,Designer,password143,employee143@emp.com,9091224026,0
EMP144,Employee144,Lead,password144,employee144@emp.com,7527897753,0
EMP145,Employee145,HR,password145,employee145@emp.com,8639269029,0
EMP146,Employee146,Manager,password146,employee146@emp.com,9447081724,0
EMP147,Employee147,Lead,password147,employee147@emp.com,9811766406,0
EMP148,Employee148,Designer,password148,employee148@emp.com,8875995431,0
EMP149,Employee149,Lead,password149,employee149@emp.com,9600666097,0
EMP150,Employee150,Manager,password150,employee150@emp.com,7680380107,0
EMP151,Employee151,DevOps,password151,employee151@emp.com,7150887324,0
EMP152,Employee152,Manager,password152,employee152@emp.com,9341682715,0
EMP153,Employee153,SDE2,password153,employee153@emp.com,9718857849,0
EMP154,Employee154,SDE2,password154,employee154@emp.com,9410120353,0
EMP155,Employee155,QA,password155,employee155@emp.com,9889311293,0
EMP156,Employee156,Designer,password156,employee156@emp.com,7103710444,0
EMP157,Employee157,Lead,password157,employee157@emp.com,7160431099,0
EMP158,Employee158,HR,password158,employee158@emp.com,9051494662,0
EMP159,Employee159,Lead,password159,employee159@emp.com,7750674610,0
EMP160,Employee160,DevOps,password160,employee160@emp.com,8746757758,0
EMP161,Employee161,SDE2,password161,employee161@emp.com,8725302494,0
EMP162,Employee162,Manager,password162,employee162@emp.com,8264329631,0
EMP163,Employee163,QA,password163,employee163@emp.com,7247819574,0
EMP164,Employee164,DevOps,password164,employee164@emp.com,7977779703,0
EMP165,Employee165,DevOps,password165,employee165@emp.com,7589198516,0
EMP166,Employee166,SDE1,password166,employee166@emp.com,9736573242,0
EMP167,Employee167,DevOps,password167,employee167@emp.com,7456221054,0
EMP168,Employee168,SDE1,password168,employee168@emp.com,8395571215,0
EMP169,Employee169,Manager,password169,employee169@emp.com,7443227018,0
EMP170,Employee170,DevOps,password170,employee170@emp.com,7651619026,0
EMP171,Employee171,SDE2,password171,employee171@emp.com,9489507025,0
EMP172,Employee172,Designer,password172,employee172@emp.com,7314229299,0
EMP173,Employee173,Designer,password173,employee173@emp.com,7448334393,0
EMP174,Employee174,QA,password174,employee174@emp.com,8101787094,0
EMP175,Employee175,HR,password175,employee175@emp.com,8648251354,0
EMP176,Employee176,DevOps,password176,employee176@emp.com,9361743068,0
EMP177,Employee177,DevOps,password177,employee177@emp.com,7910033985,0
EMP178,Employee178,DevOps,password178,employee178@emp.com,7421676946,0
EMP179,Employee179,DevOps,password179,employee179@emp.com,9518884414,0
EMP180,Employee180,QA,password180,employee180@emp.com,9743401012,0
EMP181,Employee181,SDE2,password181,employee181@emp.com,9411979396,0
EMP182,Employee182,SDE2,password182,employee182@emp.com,9564665523,0
EMP183,Employee183,Lead,password183,employee183@emp.com,8622954811,0
EMP184,Employee184,Lead,password184,employee184@emp.com,8645287624,0
EMP185,Employee185,Manager,password185,employee185@emp.com,9559309692,0
EMP186,Employee186,Manager,password186,employee186@emp.com,8585282029,0
EMP187,Employee187,DevOps,password187,employee187@emp.com,8260052280,0
EMP188,Employee188,Designer,password188,employee188@emp.com,7968801651,0
EMP189,Employee189,Designer,password189,employee189@emp.com,9967882872,0
EMP190,Employee190,SDE2,password190,employee190@emp.com,7503031239,0
EMP191,Employee191,Manager,password191,employee191@emp.com,7315205204,0
EMP192,Employee192,HR,password192,employee192@emp.com,9721241819,0
EMP193,Employee193,QA,password193,employee193@emp.com,9005014738,0
EMP194,Employee194,Lead,password194,employee194@emp.com,7542436175,0
EMP195,Employee195,SDE1,password195,employee195@emp.com,9844701505,0
EMP196,Employee196,Manager,password196,employee196@emp.com,9112466730,0
EMP197,Employee197,Designer,password197,employee197@emp.com,9709155551,0
EMP198,Employee198,Manager,password198,employee198@emp.com,9325461652,0
EMP199,Employee199,Manager,password199,employee199@emp.com,8498576553,0
EMP200,Employee200,QA,password200,employee200@emp.com,8023733706,0
EMP201,Employee201,HR,password201,employee201@emp.com,7624038237,0
EMP202,Employee202,SDE1,password202,employee202@emp.com,7683411828,0
EMP203,Employee203,Lead,password203,employee203@emp.com,8093765651,0
EMP204,Employee204,SDE1,password204,employee204@emp.com,9642248934,0
EMP205,Employee205,HR,password205,employee205@emp.com,7653600559,0
EMP206,Employee206,Lead,password206,employee206@emp.com,7300890701,0
EMP207,Employee207,HR,password207,employee207@emp.com,9358778135,0
EMP208,Employee208,Lead,password208,employee208@emp.com,9853837606,0
EMP209,Employee209,SDE2,password209,employee209@emp.com,7008084994,0
EMP210,Employee210,Manager,password210,employee210@emp.com,7028204465,0
EMP211,Employee211,DevOps,password211,employee211@emp.com,8025908030,0
EMP212,Employee212,Designer,password212,employee212@emp.com,7074303007,0
EMP213,Employee213,QA,password213,employee213@emp.com,8761135833,0
EMP214,Employee214,SDE1,password214,employee214@emp.com,9898940335,0
EMP215,Employee215,SDE1,password215,employee215@emp.com,8173057082,0
EMP216,Employee216,Designer,password216,employee216@emp.com,8658300313,0
EMP217,Employee217,SDE2,password217,employee217@emp.com,9101083773,0
EMP218,Employee218,DevOps,password218,employee218@emp.com,7077979702,0
EMP219,Employee219,Manager,password219,employee219@emp.com,8748856737,0
EMP220,Employee220,HR,password220,employee220@emp.com,9446661162,0
EMP221,Employee221,DevOps,password221,employee221@emp.com,9739212069,0
EMP222,Employee222,Lead,password222,employee222@emp.com,7728967523,0
EMP223,Employee223,Designer,password223,employee223@emp.com,9608083589,0
EMP224,Employee224,QA,password224,employee224@emp.com,9955708410,0
EMP225,Employee225,HR,password225,employee225@emp.com,9487129191,0
EMP226,Employee226,QA,password226,employee226@emp.com,9424550888,0
EMP227,Employee227,SDE1,password227,employee227@emp.com,8110452377,0
EMP228,Employee228,Manager,password228,employee228@emp.com,8562406482,0
EMP229,Employee229,SDE1,password229,employee229@emp.com,8498591355,0
EMP230,Employee230,Lead,password230,employee230@emp.com,9683010157,0
EMP231,Employee231,Lead,password231,employee231@emp.com,7079145045,0
EMP232,Employee232,Lead,password232,employee232@emp.com,8612791670,0
EMP233,Employee233,DevOps,password233,employee233@emp.com,7333717430,0
EMP234,Employee234,Lead,password234,employee234@emp.com,7282732102,0
EMP235,Employee235,Designer,password235,employee235@emp.com,7180413864,0
EMP236,Employee236,Manager,password236,employee236@emp.com,8630539449,0
EMP237,Employee237,SDE1,password237,employee237@emp.com,7599649278,0
EMP238,Employee238,QA,password238,employee238@emp.com,7433242870,0
EMP239,Employee239,QA,password239,employee239@emp.com,7654542588,0
EMP240,Employee240,DevOps,password240,employee240@emp.com,7629060796,0
EMP241,Employee241,HR,password241,employee241@emp.com,7615400419,0
EMP242,Employee242,Designer,password242,employee242@emp.com,7539014076,0
EMP243,Employee243,SDE2,password243,employee243@emp.com,7747802207,0
EMP244,Employee244,SDE2,password244,employee244@emp.com,9276652699,0
EMP245,Employee245,SDE2,password245,employee245@emp.com,9725993282,0
EMP246,Employee246,Manager,password246,employee246@emp.com,9384075700,0
EMP247,Employee247,DevOps,password247,employee247@emp.com,9021074105,0
EMP248,Employee248,HR,password248,employee248@emp.com,8871532825,0
EMP249,Employee249,Manager,password249,employee249@emp.com,9352832084,0
EMP250,Employee250,Lead,password250,employee250@emp.com,8755415420,0
EMP251,Employee251,Manager,password251,employee251@emp.com,9808754786,0
EMP252,Employee252,SDE2,password252,employee252@emp.com,7695916496,0
EMP253,Employee253,QA,password253,employee253@emp.com,9436950983,0
EMP254,Employee254,Lead,password254,employee254@emp.com,8738257168,0
EMP255,Employee255,SDE2,password255,employee255@emp.com,9800154783,0
EMP256,Employee256,SDE1,password256,employee256@emp.com,7707635852,0
EMP257,Employee257,HR,password257,employee257@emp.com,7962753664,0
EMP258,Employee258,Lead,password258,employee258@emp.com,8917214794,0
EMP259,Employee259,SDE1,password259,employee259@emp.com,8448439093,0
EMP260,Employee260,SDE1,password260,employee260@emp.com,9338054891,0
EMP261,Employee261,SDE1,password261,employee261@emp.com,8974978214,0
EMP262,Employee262,QA,password262,employee262@emp.com,7956467907,0
EMP263,Employee263,HR,password263,employee263@emp.com,9981043765,0
EMP264,Employee264,SDE1,password264,employee264@emp.com,7826372331,0
EMP265,Employee265,DevOps,password265,employee265@emp.com,7665682877,0
EMP266,Employee266,SDE1,password266,employee266@emp.com,8409523164,0
EMP267,Employee267,Manager,password267,employee267@emp.com,9197548696,0
EMP268,Employee268,HR,password268,employee268@emp.com,8137299196,0
EMP269,Employee269,Lead,password269,employee269@emp.com,9391715460,0
EMP270,Employee270,QA,password270,employee270@emp.com,8691047760,0
EMP271,Employee271,SDE1,password271,employee271@emp.com,7066739665,0
EMP272,Employee272,DevOps,password272,employee272@emp.com,9929934060,0
EMP273,Employee273,Manager,password273,employee273@emp.com,8464836619,0
EMP274,Employee274,SDE2,password274,employee274@emp.com,9473924470,0
EMP275,Employee275,SDE1,password275,employee275@emp.com,9130355206,0
EMP276,Employee276,Manager,password276,employee276@emp.com,8258236066,0
EMP277,Employee277,DevOps,password277,employee277@emp.com,9741026773,0
EMP278,Employee278,HR,password278,employee278@emp.com,7044321442,0
EMP279,Employee279,SDE1,password279,employee279@emp.com,8381286007,0
EMP280,Employee280,Lead,password280,employee280@emp.com,8483434890,0
EMP281,Employee281,QA,password281,employee281@emp.com,9697892939,0
EMP282,Employee282,HR,password282,employee282@emp.com,7521827377,0
EMP283,Employee283,HR,password283,employee283@emp.com,8766455442,0
EMP284,Employee284,Lead,password284,employee284@emp.com,9074097509,0
EMP285,Employee285,DevOps,password285,employee285@emp.com,7560617589,0
EMP286,Employee286,SDE2,password286,employee286@emp.com,7395962265,0
EMP287,Employee287,DevOps,password287,employee287@emp.com,7383490787,0
EMP288,Employee288,HR,password288,employee288@emp.com,9932254895,0
EMP289,Employee289,Lead,password289,employee289@emp.com,8709979134,0
EMP290,Employee290,Lead,password290,employee290@emp.com,9246978140,0
EMP291,Employee291,DevOps,password291,employee291@emp.com,7485975081,0
EMP292,Employee292,Designer,password292,employee292@emp.com,7754275293,0
EMP293,Employee293,DevOps,password293,employee293@emp.com,7214802960,0
EMP294,Employee294,Lead,password294,employee294@emp.com,8788945288,0
EMP295,Employee295,DevOps,password295,employee295@emp.com,8437493010,0
EMP296,Employee296,HR,password296,employee296@emp.com,8091962768,0
EMP297,Employee297,Designer,password297,employee297@emp.com,7024210675,0
EMP298,Employee298,SDE1,password298,employee298@emp.com,7995254696,0
EMP299,Employee299,Manager,password299,employee299@emp.com,7280564184,0
EMP300,Employee300,DevOps,password300,employee300@emp.com,9717208863,0
EMP301,Employee301,DevOps,password301,employee301@emp.com,8683034134,0
EMP302,Employee302,HR,password302,employee302@emp.com,7637368799,0
EMP303,Employee303,Designer,password303,employee303@emp.com,8150059350,0
EMP304,Employee304,DevOps,password304,employee304@emp.com,7173782933,0
EMP305,Employee305,HR,password305,employee305@emp.com,7805242044,0
EMP306,Employee306,Lead,password306,employee306@emp.com,8214403683,0
EMP307,Employee307,Lead,password307,employee307@emp.com,9775975907,0
EMP308,Employee308,Designer,password308,employee308@emp.com,7001576332,0
EMP309,Employee309,SDE1,password309,employee309@emp.com,9221444661,0
EMP310,Employee310,QA,password310,employee310@emp.com,8806129812,0
EMP311,Employee311,Designer,password311,employee311@emp.com,8303094869,0
EMP312,Employee312,DevOps,password312,employee312@emp.com,7397338028,0
EMP313,Employee313,Manager,password313,employee313@emp.com,7325964672,0
EMP314,Employee314,Manager,password314,employee314@emp.com,9114270174,0
EMP315,Employee315,DevOps,password315,employee315@emp.com,8879695797,0
EMP316,Employee316,Manager,password316,employee316@emp.com,7050977540,0
EMP317,Employee317,DevOps,password317,employee317@emp.com,7872595989,0
EMP318,Employee318,SDE1,password318,employee318@emp.com,8318958356,0
EMP319,Employee319,Manager,password319,employee319@emp.com,7116190515,0
EMP320,Employee320,DevOps,password320,employee320@emp.com,9550542849,0
EMP321,Employee321,HR,password321,employee321@emp.com,9466795876,0
EMP322,Employee322,SDE1,password322,employee322@emp.com,7391936973,0
EMP323,Employee323,HR,password323,employee323@emp.com,7737788437,0
EMP324,Employee324,Lead,password324,employee324@emp.com,7017921549,0
EMP325,Employee325,SDE1,password325,employee325@emp.com,9860329451,0
EMP326,Employee326,SDE2,password326,employee326@emp.com,7147249167,0
EMP327,Employee327,DevOps,password327,employee327@emp.com,8599953135,0
EMP328,Employee328,Manager,password328,employee328@emp.com,8314821247,0
EMP329,Employee329,SDE2,password329,employee329@emp.com,7084234594,0
EMP330,Employee330,Designer,password330,employee330@emp.com,9622882421,0
EMP331,Employee331,HR,password331,employee331@emp.com,7436792321,0
EMP332,Employee332,SDE1,password332,employee332@emp.com,8029823174,0
EMP333,Employee333,HR,password333,employee333@emp.com,8027661315,0
EMP334,Employee334,DevOps,password334,employee334@emp.com,9977156816,0
EMP335,Employee335,Lead,password335,employee335@emp.com,9281273951,0
EMP336,Employee336,Lead,password336,employee336@emp.com,8990339345,0
EMP337,Employee337,SDE1,password337,employee337@emp.com,9009581099,0
EMP338,Employee338,DevOps,password338,employee338@emp.com,9045036275,0
EMP339,Employee339,Lead,password339,employee339@emp.com,9264598866,0
EMP340,Employee340,DevOps,password340,employee340@emp.com,7694352129,0
EMP341,Employee341,DevOps,password341,employee341@emp.com,9452754200,0
EMP342,Employee342,SDE2,password342,employee342@emp.com,7248781361,0
EMP343,Employee343,Lead,password343,employee343@emp.com,7633777793,0
EMP344,Employee344,Lead,password344,employee344@emp.com,9955748796,0
EMP345,Employee345,HR,password345,employee345@emp.com,9194116871,0
EMP346,Employee346,SDE1,password346,employee346@emp.com,7895613714,0
EMP347,Employee347,HR,password347,employee347@emp.com,7469628216,0
EMP348,Employee348,QA,password348,employee348@emp.com,9268539912,0
EMP349,Employee349,DevOps,password349,employee349@emp.com,8780643861,0
EMP350,Employee350,SDE1,password350,employee350@emp.com,9447408164,0
EMP351,Employee351,HR,password351,employee351@emp.com,7750805969,0
EMP352,Employee352,HR,password352,employee352@emp.com,8096125874,0
EMP353,Employee353,Lead,password353,employee353@emp.com,8265589648,0
EMP354,Employee354,Manager,password354,employee354@emp.com,8720977509,0
EMP355,Employee355,QA,password355,employee355@emp.com,9012733256,0
EMP356,Employee356,HR,password356,employee356@emp.com,8573526901,0
EMP357,Employee357,DevOps,password357,employee357@emp.com,8345309612,0
EMP358,Employee358,Lead,password358,employee358@emp.com,7613139515,0
EMP359,Employee359,DevOps,password359,employee359@emp.com,8434780514,0
EMP360,Employee360,Lead,password360,employee360@emp.com,9147267706,0
EMP361,Employee361,SDE1,password361,employee361@emp.com,9612176109,0
EMP362,Employee362,Lead,password362,employee362@emp.com,9604556102,0
EMP363,Employee363,Lead,password363,employee363@emp.com,8875751439,0
EMP364,Employee364,HR,password364,employee364@emp.com,7262652874,0
EMP365,Employee365,DevOps,password365,employee365@emp.com,7516228828,0
EMP366,Employee366,Lead,password366,employee366@emp.com,7626004511,0
EMP367,Employee367,SDE2,password367,employee367@emp.com,7932405081,0
EMP368,Employee368,Lead,password368,employee368@emp.com,9454340272,0
EMP369,Employee369,DevOps,password369,employee369@emp.com,8606221059,0
EMP370,Employee370,SDE1,password370,employee370@emp.com,9150900402,0
EMP371,Employee371,SDE1,password371,employee371@emp.com,8546029116,0
EMP372,Employee372,Lead,password372,employee372@emp.com,9685575244,0
EMP373,Employee373,Manager,password373,employee373@emp.com,7288881731,0
EMP374,Employee374,HR,password374,employee374@emp.com,8739855450,0
EMP375,Employee375,Designer,password375,employee375@emp.com,7758409982,0
EMP376,Employee376,SDE2,password376,employee376@emp.com,7740908613,0
EMP377,Employee377,HR,password377,employee377@emp.com,8571777253,0
EMP378,Employee378,Lead,password378,employee378@emp.com,9385890282,0
EMP379,Employee379,HR,password379,employee379@emp.com,7300017873,0
EMP380,Employee380,Manager,password380,employee380@emp.com,9187792645,0
EMP381,Employee381,SDE2,password381,employee381@emp.com,9124422386,0
EMP382,Employee382,Designer,password382,employee382@emp.com,7295834178,0
EMP383,Employee383,SDE2,password383,employee383@emp.com,9563342959,0
EMP384,Employee384,SDE2,password384,employee384@emp.com,8204669124,0
EMP385,Employee385,DevOps,password385,employee385@emp.com,7206640918,0
EMP386,Employee386,Designer,password386,employee386@emp.com,9943166154,0
EMP387,Employee387,DevOps,password387,employee387@emp.com,7501604829,0
EMP388,Employee388,Manager,password388,employee388@emp.com,9041758485,0
EMP389,Employee389,DevOps,password389,employee389@emp.com,8782321345,0
EMP390,Employee390,Designer,password390,employee390@emp.com,8809305999,0
EMP391,Employee391,HR,password391,employee391@emp.com,9226431500,0
EMP392,Employee392,HR,password392,employee392@emp.com,8032683973,0
EMP393,Employee393,Manager,password393,employee393@emp.com,9544057705,0
EMP394,Employee394,Lead,password394,employee394@emp.com,7848967698,0
EMP395,Employee395,SDE1,password395,employee395@emp.com,9021844753,0
EMP396,Employee396,SDE2,password396,employee396@emp.com,8382504007,0
EMP397,Employee397,Lead,password397,employee397@emp.com,7572204660,0
EMP398,Employee398,DevOps,password398,employee398@emp.com,7369449499,0
EMP399,Employee399,DevOps,password399,employee399@emp.com,7446822605,0
EMP400,Employee400,SDE2,password400,employee400@emp.com,8680721579,0
EMP401,Employee401,Manager,password401,employee401@emp.com,7408484784,0
EMP402,Employee402,DevOps,password402,employee402@emp.com,7936005280,0
EMP403,Employee403,Lead,password403,employee403@emp.com,8626744620,0
EMP404,Employee404,Manager,password404,employee404@emp.com,7607719831,0
EMP405,Employee405,SDE1,password405,employee405@emp.com,7967078857,0
EMP406,Employee406,Designer,password406,employee406@emp.com,9136160054,0
EMP407,Employee407,DevOps,password407,employee407@emp.com,8293533513,0
EMP408,Employee408,DevOps,password408,employee408@emp.com,7500626951,0
EMP409,Employee409,SDE1,password409,employee409@emp.com,7146715327,0
EMP410,Employee410,Designer,password410,employee410@emp.com,9705375009,0
EMP411,Employee411,Manager,password411,employee411@emp.com,9048805202,0
EMP412,Employee412,SDE1,password412,employee412@emp.com,8134554097,0
EMP413,Employee413,DevOps,password413,employee413@emp.com,8316730502,0
EMP414,Employee414,QA,password414,employee414@emp.com,8620496285,0
EMP415,Employee415,SDE2,password415,employee415@emp.com,8544213847,0
EMP416,Employee416,Manager,password416,employee416@emp.com,8135632224,0
EMP417,Employee417,DevOps,password417,employee417@emp.com,8588107420,0
EMP418,Employee418,Designer,password418,employee418@emp.com,7662900617,0
EMP419,Employee419,QA,password419,employee419@emp.com,7075003661,0
EMP420,Employee420,QA,password420,employee420@emp.com,8482248053,0
EMP421,Employee421,Designer,password421,employee421@emp.com,9372196583,0
EMP422,Employee422,QA,password422,employee422@emp.com,8074889538,0
EMP423,Employee423,Manager,password423,employee423@emp.com,7259196139,0
EMP424,Employee424,QA,password424,employee424@emp.com,8278080532,0
EMP425,Employee425,Lead,password425,employee425@emp.com,7746568520,0
EMP426,Employee426,HR,password426,employee426@emp.com,7519147664,0
EMP427,Employee427,Lead,password427,employee427@emp.com,7848582229,0
EMP428,Employee428,SDE2,password428,employee428@emp.com,8508860043,0
EMP429,Employee429,SDE2,password429,employee429@emp.com,9343344230,0
EMP430,Employee430,QA,password430,employee430@emp.com,9050971877,0
EMP431,Employee431,Designer,password431,employee431@emp.com,8116121198,0
EMP432,Employee432,SDE2,password432,employee432@emp.com,9507823650,0
EMP433,Employee433,DevOps,password433,employee433@emp.com,9823494051,0
EMP434,Employee434,SDE2,password434,employee434@emp.com,9820940910,0
EMP435,Employee435,Manager,password435,employee435@emp.com,9647909505,0
EMP436,Employee436,QA,password436,employee436@emp.com,9705785068,0
EMP437,Employee437,SDE2,password437,employee437@emp.com,8139363622,0
EMP438,Employee438,DevOps,password438,employee438@emp.com,7340369596,0
EMP439,Employee439,Designer,password439,employee439@emp.com,8345218095,0
EMP440,Employee440,SDE2,password440,employee440@emp.com,8164116182,0
EMP441,Employee441,SDE2,password441,employee441@emp.com,9608401126,0
EMP442,Employee442,HR,password442,employee442@emp.com,7489751552,0
EMP443,Employee443,QA,password443,employee443@emp.com,9438882937,0
EMP444,Employee444,SDE1,password444,employee444@emp.com,8673821174,0
EMP445,Employee445,Designer,password445,employee445@emp.com,8395746384,0
EMP446,Employee446,SDE1,password446,employee446@emp.com,8326599097,0
EMP447,Employee447,SDE2,password447,employee447@emp.com,8053770930,0
EMP448,Employee448,Designer,password448,employee448@emp.com,7003087512,0
EMP449,Employee449,Designer,password449,employee449@emp.com,8615961331,0
EMP450,Employee450,HR,password450,employee450@emp.com,8106122128,0
EMP451,Employee451,Designer,password451,employee451@emp.com,8502626732,0
EMP452,Employee452,QA,password452,employee452@emp.com,9532768330,0
EMP453,Employee453,Lead,password453,employee453@emp.com,9262033743,0
EMP454,Employee454,SDE2,password454,employee454@emp.com,7823249535,0
EMP455,Employee455,Lead,password455,employee455@emp.com,7328106577,0
EMP456,Employee456,SDE1,password456,employee456@emp.com,8233394563,0
EMP457,Employee457,QA,password457,employee457@emp.com,8205595422,0
EMP458,Employee458,QA,password458,employee458@emp.com,8104515808,0
EMP459,Employee459,Manager,password459,employee459@emp.com,7792934618,0
EMP460,Employee460,Manager,password460,employee460@emp.com,9082137638,0
EMP461,Employee461,Manager,password461,employee461@emp.com,7255680220,0
EMP462,Employee462,QA,password462,employee462@emp.com,9552367989,0
EMP463,Employee463,Manager,password463,employee463@emp.com,9550944680,0
EMP464,Employee464,SDE1,password464,employee464@emp.com,7917413200,0
EMP465,Employee465,HR,password465,employee465@emp.com,9096372795,0
EMP466,Employee466,HR,password466,employee466@emp.com,7232369087,0
EMP467,Employee467,SDE2,password467,employee467@emp.com,8197554925,0
EMP468,Employee468,QA,password468,employee468@emp.com,9304012650,0
EMP469,Employee469,QA,password469,employee469@emp.com,8397429066,0
EMP470,Employee470,SDE2,password470,employee470@emp.com,7563165394,0
EMP471,Employee471,Designer,password471,employee471@emp.com,8087812466,0
EMP472,Employee472,SDE1,password472,employee472@emp.com,7508588047,0
EMP473,Employee473,SDE1,password473,employee473@emp.com,7035878152,0
EMP474,Employee474,SDE1,password474,employee474@emp.com,9814507668,0
EMP475,Employee475,Lead,password475,employee475@emp.com,7628655724,0
EMP476,Employee476,HR,password476,employee476@emp.com,7448433942,0
EMP477,Employee477,SDE2,password477,employee477@emp.com,9840826873,0
EMP478,Employee478,SDE1,password478,employee478@emp.com,8256153966,0
EMP479,Employee479,SDE2,password479,employee479@emp.com,9119981613,0
EMP480,Employee480,SDE2,password480,employee480@emp.com,8007810744,0
EMP481,Employee481,SDE1,password481,employee481@emp.com,8001801459,0
EMP482,Employee482,HR,password482,employee482@emp.com,8754974527,0
EMP483,Employee483,Lead,password483,employee483@emp.com,7126571140,0
EMP484,Employee484,SDE2,password484,employee484@emp.com,8359960769,0
EMP485,Employee485,DevOps,password485,employee485@emp.com,8242398049,0
EMP486,Employee486,HR,password486,employee486@emp.com,9736884037,0
EMP487,Employee487,Lead,password487,employee487@emp.com,7203666561,0
EMP488,Employee488,Lead,password488,employee488@emp.com,8263586363,0
EMP489,Employee489,SDE2,password489,employee489@emp.com,8696186976,0
EMP490,Employee490,DevOps,password490,employee490@emp.com,7444292048,0
EMP491,Employee491,QA,password491,employee491@emp.com,9094062530,0
EMP492,Employee492,Lead,password492,employee492@emp.com,9323658562,0
EMP493,Employee493,Designer,password493,employee493@emp.com,8466026285,0
EMP494,Employee494,QA,password494,employee494@emp.com,9851569159,0
EMP495,Employee495,QA,password495,employee495@emp.com,7021152643,0
EMP496,Employee496,HR,password496,employee496@emp.com,9238260195,0
EMP497,Employee497,SDE1,password497,employee497@emp.com,7398741025,0
EMP498,Employee498,Manager,password498,employee498@emp.com,9262524959,0
EMP499,Employee499,SDE1,password499,employee499@emp.com,8739155799,0
EMP500,Employee500,DevOps,password500,employee500@emp.com,7118191865,0
